Timestamp,Speed,Throttle,Brake,Steer,AtTrafficLight,HeartRate,BreathingRate,Stress,Drowsy
0:43:43,0.0,0.0,0.0,0.0,0,0.0,0.0,1,1
0:43:43,0.01,0.62,0.62,0.0,0,0.0,0.0,1,1
0:43:43,0.01,0.62,0.62,0.0,0,0.0,0.0,1,1
0:43:43,0.01,0.62,0.62,0.0,0,0.0,0.0,1,1
0:43:43,0.01,0.62,0.62,0.0,0,0.0,0.0,1,1
0:43:43,0.01,0.62,0.62,0.0,0,0.0,0.0,1,1
0:43:44,0.01,0.62,0.62,0.0,0,0.0,0.0,1,1
0:43:44,0.01,0.62,0.62,0.0,0,0.0,0.0,1,1
0:43:44,0.01,0.62,0.62,0.0,0,0.0,0.0,1,1
0:43:44,0.01,0.62,0.62,0.0,0,0.0,0.0,1,1
0:43:44,0.01,0.62,0.62,0.0,0,0.0,0.0,1,1
0:43:44,0.01,0.62,0.62,0.0,0,0.0,0.0,1,1
0:43:44,0.0,0.62,0.62,0.0,0,0.0,0.0,1,1
0:43:44,0.0,0.62,0.62,0.0,0,0.0,0.0,1,1
0:43:44,0.0,0.62,0.62,0.0,0,0.0,0.0,1,1
0:43:44,0.0,0.62,0.62,0.0,0,0.0,0.0,1,1
0:43:44,0.0,0.62,0.62,0.0,0,0.0,0.0,1,1
0:43:44,0.0,0.62,0.62,0.0,0,0.0,0.0,1,1
0:43:44,0.0,0.62,0.62,0.0,0,0.0,0.0,1,1
0:43:44,0.0,0.62,0.62,0.0,0,0.0,0.0,1,1
0:43:44,0.0,0.62,0.62,0.0,0,0.0,0.0,1,1
0:43:44,0.0,0.62,0.62,0.0,0,0.0,0.0,1,1
0:43:44,0.0,0.62,0.62,0.0,0,0.0,0.0,1,1
0:43:44,0.0,0.62,0.62,0.0,0,0.0,0.0,1,1
0:43:44,0.0,0.62,0.62,0.0,0,0.0,0.0,1,1
0:43:44,0.0,0.62,0.62,0.0,0,0.0,0.0,1,1
0:43:44,0.0,0.62,0.62,0.0,0,0.0,0.0,1,1
0:43:44,0.0,0.62,0.62,0.0,0,0.0,0.0,1,1
0:43:44,0.0,0.62,0.62,0.0,0,0.0,0.0,1,1
0:43:44,0.0,0.62,0.62,0.0,0,0.0,0.0,1,1
0:43:44,0.0,0.62,0.62,0.0,0,0.0,0.0,1,1
0:43:44,0.0,0.62,0.62,0.0,0,0.0,0.0,1,1
0:43:44,0.0,0.62,0.62,0.0,0,0.0,0.0,1,1
0:43:44,0.0,0.62,0.62,0.0,0,0.0,0.0,1,1
0:43:44,0.0,0.62,0.62,0.0,0,0.0,0.0,1,1
0:43:44,0.0,0.62,0.62,0.0,0,0.0,0.0,1,1
0:43:44,0.0,0.62,0.62,0.0,0,0.0,0.0,1,1
0:43:44,0.0,0.62,0.62,0.0,0,0.0,0.0,1,1
0:43:44,0.0,0.62,0.62,0.0,0,0.0,0.0,1,1
0:43:44,0.0,0.62,0.62,0.0,0,0.0,0.0,1,1
0:43:44,0.0,0.62,0.62,0.0,0,0.0,0.0,1,1
0:43:44,0.01,0.62,0.62,0.0,0,0.0,0.0,1,1
0:43:44,0.0,0.62,0.62,0.0,0,0.0,0.0,1,1
0:43:44,0.0,0.62,0.62,0.0,0,0.0,0.0,1,1
0:43:44,0.01,0.62,0.62,0.0,0,0.0,0.0,1,1
0:43:44,0.0,0.62,0.62,0.0,0,0.0,0.0,1,1
0:43:44,0.0,0.62,0.62,0.0,0,0.0,0.0,1,1
0:43:44,0.0,0.62,0.62,0.0,0,0.0,0.0,1,1
0:43:44,0.0,0.62,0.62,0.0,0,0.0,0.0,1,1
0:43:44,0.0,0.62,0.62,0.0,0,0.0,0.0,1,1
0:43:44,0.0,0.62,0.62,0.0,0,0.0,0.0,1,1
0:43:44,0.0,0.62,0.62,0.0,0,0.0,0.0,1,1
0:43:44,0.0,0.62,0.62,0.0,0,0.0,0.0,1,1
0:43:44,0.0,0.62,0.62,0.0,0,0.0,0.0,1,1
0:43:45,0.0,0.62,0.62,0.0,0,0.0,0.0,1,1
0:43:45,0.0,0.62,0.62,0.0,0,0.0,0.0,1,1
0:43:45,0.0,0.62,0.62,0.0,0,0.0,0.0,1,1
0:43:45,0.0,0.62,0.62,0.0,0,0.0,0.0,1,1
0:43:46,0.0,0.62,0.62,0.0,0,0.0,0.0,1,1
0:43:46,0.0,0.62,0.62,0.0,0,0.0,0.0,1,1
0:43:46,0.0,0.62,0.62,0.0,0,0.0,0.0,1,1
0:43:46,0.0,0.62,0.62,0.0,0,0.0,0.0,1,1
0:43:46,0.0,0.62,0.62,0.0,0,0.0,0.0,1,1
0:43:47,0.0,0.62,0.62,0.0,0,0.0,0.0,1,1
0:43:47,0.0,0.62,0.62,0.0,0,0.0,0.0,1,1
0:43:47,0.0,0.62,0.62,0.0,0,0.0,0.0,1,1
0:43:47,0.0,0.62,0.62,0.0,0,0.0,0.0,1,1
0:43:47,0.0,0.62,0.62,0.0,0,0.0,0.0,1,1
0:43:47,0.0,0.62,0.62,0.0,0,0.0,0.0,1,1
0:43:47,0.0,0.62,0.62,0.0,0,0.0,0.0,1,1
0:43:47,0.0,0.62,0.62,0.0,0,0.0,0.0,1,1
0:43:47,0.0,0.62,0.62,0.0,0,0.0,0.0,1,1
0:43:47,0.0,0.62,0.62,0.0,0,0.0,0.0,1,1
0:43:47,0.0,0.62,0.62,0.0,0,0.0,0.0,1,1
0:43:47,0.0,0.62,0.62,0.0,0,0.0,0.0,1,1
0:43:47,0.0,0.62,0.62,0.0,0,0.0,0.0,1,1
0:43:48,0.0,0.62,0.62,0.0,0,0.0,0.0,1,1
0:43:48,0.0,0.62,0.62,0.0,0,0.0,0.0,1,1
0:43:48,0.0,0.62,0.62,0.0,0,0.0,0.0,1,1
0:43:48,0.01,0.62,0.62,0.0,0,0.0,0.0,1,1
0:43:48,0.0,0.62,0.62,0.0,0,0.0,0.0,1,1
0:43:48,0.0,0.62,0.62,0.0,0,0.0,0.0,1,1
0:43:48,0.0,0.62,0.62,0.0,0,0.0,0.0,1,1
0:43:48,0.0,0.62,0.62,0.0,0,0.0,0.0,1,1
0:43:48,0.0,0.62,0.62,0.0,0,0.0,0.0,1,1
0:43:48,0.0,0.62,0.62,0.0,0,0.0,0.0,1,1
0:43:48,0.0,0.62,0.62,0.0,0,0.0,0.0,1,1
0:43:48,0.0,0.62,0.62,0.0,0,0.0,0.0,1,1
0:43:48,0.0,0.62,0.62,0.0,0,0.0,0.0,1,1
0:43:48,0.0,0.62,0.62,0.0,0,0.0,0.0,1,1
0:43:48,0.0,0.62,0.62,0.0,0,0.0,0.0,1,1
0:43:48,0.0,0.62,0.62,0.0,0,0.0,0.0,1,1
0:43:48,0.0,0.62,0.62,0.0,0,0.0,0.0,1,1
0:43:48,0.0,0.62,0.62,0.0,0,0.0,0.0,1,1
0:43:48,0.0,0.62,0.62,0.0,0,0.0,0.0,1,1
0:43:48,0.0,0.62,0.62,0.0,0,0.0,0.0,1,1
0:43:48,0.0,0.62,0.62,0.0,0,0.0,0.0,1,1
0:43:48,0.0,0.62,0.62,0.0,0,0.0,0.0,1,1
0:43:48,0.0,0.62,0.62,0.0,0,0.0,0.0,1,1
0:43:48,0.0,0.62,0.62,0.0,0,0.0,0.0,1,1
0:43:48,0.01,0.62,0.62,0.0,0,0.0,0.0,1,1
0:43:48,0.0,0.62,0.62,0.0,0,0.0,0.0,1,1
0:43:48,0.0,0.62,0.62,0.0,0,0.0,0.0,1,1
0:43:48,0.0,0.62,0.62,0.0,0,0.0,0.0,1,1
0:43:48,0.0,0.62,0.62,0.0,0,0.0,0.0,1,1
0:43:48,0.0,0.62,0.62,0.0,0,0.0,0.0,1,1
0:43:48,0.0,0.62,0.62,0.0,0,0.0,0.0,1,1
0:43:48,0.0,0.62,0.62,0.0,0,0.0,0.0,1,1
0:43:48,0.0,0.62,0.62,0.0,0,0.0,0.0,1,1
0:43:48,0.0,0.62,0.62,0.0,0,0.0,0.0,1,1
0:43:48,0.01,0.62,0.62,0.0,0,0.0,0.0,1,1
0:43:48,0.0,0.62,0.62,0.0,0,0.0,0.0,1,1
0:43:48,0.0,0.62,0.62,0.0,0,0.0,0.0,1,1
0:43:48,0.0,0.62,0.62,0.0,0,0.0,0.0,1,1
0:43:48,0.0,0.62,0.62,0.0,0,0.0,0.0,1,1
0:43:48,0.0,0.62,0.62,0.0,0,0.0,0.0,1,1
0:43:48,0.0,0.62,0.62,0.0,0,0.0,0.0,1,1
0:43:48,0.0,0.62,0.62,0.0,0,0.0,0.0,1,1
0:43:48,0.0,0.62,0.62,0.0,0,0.0,0.0,1,1
0:43:48,0.0,0.62,0.62,0.0,0,0.0,0.0,1,1
0:43:48,0.0,0.62,0.62,0.0,0,0.0,0.0,1,1
0:43:48,0.0,0.62,0.62,0.0,0,0.0,0.0,1,1
0:43:48,0.0,0.62,0.62,0.0,0,0.0,0.0,1,1
0:43:48,0.0,0.62,0.62,0.0,0,0.0,0.0,1,1
0:43:48,0.0,0.62,0.62,0.0,0,0.0,0.0,1,1
0:43:48,0.0,0.62,0.62,0.0,0,0.0,0.0,1,1
0:43:48,0.01,0.62,0.62,0.0,0,0.0,0.0,1,1
0:43:48,0.0,0.62,0.62,0.0,0,0.0,0.0,1,1
0:43:48,0.0,0.62,0.62,0.0,0,0.0,0.0,1,1
0:43:48,0.0,0.62,0.62,0.0,0,0.0,0.0,1,1
0:43:49,0.0,0.62,0.62,0.0,0,0.0,0.0,1,1
0:43:49,0.0,0.62,0.62,0.0,0,0.0,0.0,1,1
0:43:49,0.0,0.62,0.62,0.0,0,0.0,0.0,1,1
0:43:49,0.0,0.62,0.62,0.0,0,0.0,0.0,1,1
0:43:49,0.0,0.62,0.62,0.0,0,0.0,0.0,1,1
0:43:49,0.0,0.62,0.62,0.0,0,0.0,0.0,1,1
0:43:49,0.0,0.62,0.62,0.0,0,0.0,0.0,1,1
0:43:49,0.01,0.62,0.62,0.0,0,0.0,0.0,1,1
0:43:49,0.0,0.62,0.62,0.0,0,0.0,0.0,1,1
0:43:49,0.0,0.62,0.62,0.0,0,0.0,0.0,1,1
0:43:49,0.0,0.62,0.62,0.0,0,0.0,0.0,1,1
0:43:49,0.0,0.62,0.62,0.0,0,0.0,0.0,1,1
0:43:49,0.0,0.62,0.62,0.0,0,0.0,0.0,1,1
0:43:49,0.0,0.62,0.62,0.0,0,0.0,0.0,1,1
0:43:49,0.0,0.62,0.62,0.0,0,0.0,0.0,1,1
0:43:49,0.0,0.62,0.62,0.0,0,0.0,0.0,1,1
0:43:49,0.0,0.62,0.62,0.0,0,0.0,0.0,1,1
0:43:49,0.0,0.62,0.62,0.0,0,0.0,0.0,1,1
0:43:49,0.0,0.62,0.62,0.0,0,0.0,0.0,1,1
0:43:49,0.0,0.62,0.62,0.0,0,0.0,0.0,1,1
0:43:49,0.0,0.62,0.62,0.0,0,0.0,0.0,1,1
0:43:49,0.0,0.62,0.62,0.0,0,0.0,0.0,1,1
0:43:49,0.0,0.62,0.62,0.0,0,0.0,0.0,1,1
0:43:49,0.0,0.62,0.62,0.0,0,0.0,0.0,1,1
0:43:49,0.0,0.62,0.62,0.0,0,0.0,0.0,1,1
0:43:49,0.0,0.62,0.62,0.0,0,0.0,0.0,1,1
0:43:49,0.0,0.62,0.62,0.0,0,0.0,0.0,1,1
0:43:49,0.0,0.62,0.62,0.0,0,0.0,0.0,1,1
0:43:49,0.0,0.62,0.62,0.0,0,0.0,0.0,1,1
0:43:49,0.0,0.62,0.62,0.0,0,0.0,0.0,1,1
0:43:49,0.0,0.62,0.62,0.0,0,0.0,0.0,1,1
0:43:49,0.0,0.62,0.62,0.0,0,0.0,0.0,1,1
0:43:49,0.0,0.62,0.62,0.0,0,0.0,0.0,1,1
0:43:49,0.0,0.62,0.62,0.0,0,0.0,0.0,1,1
0:43:49,0.0,0.62,0.62,0.0,0,0.0,0.0,1,1
0:43:49,0.0,0.62,0.62,0.0,0,0.0,0.0,1,1
0:43:49,0.0,0.62,0.62,0.0,0,0.0,0.0,1,1
0:43:49,0.0,0.62,0.62,0.0,0,0.0,0.0,1,1
0:43:49,0.0,0.62,0.62,0.0,0,0.0,0.0,1,1
0:43:49,0.0,0.62,0.62,0.0,0,0.0,0.0,1,1
0:43:49,0.0,0.62,0.62,0.0,0,0.0,0.0,1,1
0:43:49,0.0,0.62,0.62,0.0,0,0.0,0.0,1,1
0:43:49,0.0,0.62,0.62,0.0,0,0.0,0.0,1,1
0:43:49,0.0,0.62,0.62,0.0,0,0.0,0.0,1,1
0:43:49,0.0,0.62,0.62,0.0,0,0.0,0.0,1,1
0:43:49,0.0,0.62,0.62,0.0,0,0.0,0.0,1,1
0:43:49,0.0,0.62,0.62,0.0,0,0.0,0.0,1,1
0:43:49,0.0,0.62,0.62,0.0,0,0.0,0.0,1,1
0:43:49,0.0,0.62,0.62,0.0,0,0.0,0.0,1,1
0:43:49,0.0,0.62,0.62,0.0,0,0.0,0.0,1,1
0:43:49,0.0,0.62,0.62,0.0,0,0.0,0.0,1,1
0:43:49,0.0,0.62,0.62,0.0,0,0.0,0.0,1,1
0:43:49,0.0,0.62,0.62,0.0,0,0.0,0.0,1,1
0:43:49,0.0,0.62,0.62,0.0,0,0.0,0.0,1,1
0:43:49,0.0,0.62,0.62,0.0,0,0.0,0.0,1,1
0:43:50,0.0,0.62,0.62,0.0,0,0.0,0.0,1,1
0:43:50,0.0,0.62,0.62,0.0,0,0.0,0.0,1,1
0:43:50,0.0,0.62,0.62,0.0,0,0.0,0.0,1,1
0:43:50,0.0,0.62,0.62,0.0,0,0.0,0.0,1,1
0:43:50,0.0,0.62,0.62,0.0,0,0.0,0.0,1,1
0:43:50,0.0,0.62,0.62,0.0,0,0.0,0.0,1,1
0:43:50,0.0,0.62,0.62,0.0,0,0.0,0.0,1,1
0:43:50,0.0,0.62,0.62,0.0,0,0.0,0.0,1,1
0:43:50,0.01,0.62,0.62,0.0,0,0.0,0.0,1,1
0:43:50,0.01,0.62,0.62,0.0,0,0.0,0.0,1,1
0:43:50,0.0,0.62,0.62,0.0,0,0.0,0.0,1,1
0:43:50,0.0,0.62,0.62,0.0,0,0.0,0.0,1,1
0:43:50,0.0,0.62,0.62,0.0,0,0.0,0.0,1,1
0:43:50,0.0,0.62,0.62,0.0,0,0.0,0.0,1,1
0:43:50,0.0,0.62,0.62,0.0,0,0.0,0.0,1,1
0:43:50,0.0,0.62,0.62,0.0,0,0.0,0.0,1,1
0:43:50,0.0,0.62,0.62,0.0,0,0.0,0.0,1,1
0:43:50,0.0,0.62,0.62,0.0,0,0.0,0.0,1,1
0:43:50,0.0,0.62,0.62,0.0,0,0.0,0.0,1,1
0:43:50,0.0,0.62,0.62,0.0,0,0.0,0.0,1,1
0:43:50,0.0,0.62,0.62,0.0,0,0.0,0.0,1,1
0:43:50,0.0,0.62,0.62,0.0,0,0.0,0.0,1,1
0:43:50,0.0,0.62,0.62,0.0,0,0.0,0.0,1,1
0:43:50,0.0,0.62,0.62,0.0,0,0.0,0.0,1,1
0:43:50,0.0,0.62,0.62,0.0,0,0.0,0.0,1,1
0:43:50,0.0,0.62,0.62,0.0,0,0.0,0.0,1,1
0:43:50,0.0,0.62,0.62,0.0,0,0.0,0.0,1,1
0:43:50,0.0,0.62,0.62,0.0,0,0.0,0.0,1,1
0:43:50,0.0,0.62,0.62,0.0,0,0.0,0.0,1,1
0:43:50,0.0,0.62,0.62,0.0,0,0.0,0.0,1,1
0:43:50,0.0,0.62,0.62,0.0,0,0.0,0.0,1,1
0:43:50,0.0,0.62,0.62,0.0,0,0.0,0.0,1,1
0:43:50,0.0,0.62,0.62,0.0,0,0.0,0.0,1,1
0:43:50,0.0,0.62,0.62,0.0,0,0.0,0.0,1,1
0:43:50,0.0,0.62,0.62,0.0,0,0.0,0.0,1,1
0:43:50,0.0,0.62,0.62,0.0,0,0.0,0.0,1,1
0:43:50,0.0,0.62,0.62,0.0,0,0.0,0.0,1,1
0:43:50,0.0,0.62,0.62,0.0,0,0.0,0.0,1,1
0:43:50,0.0,0.62,0.62,0.0,0,0.0,0.0,1,1
0:43:50,0.0,0.62,0.62,0.0,0,0.0,0.0,1,1
0:43:50,0.0,0.62,0.62,0.0,0,0.0,0.0,1,1
0:43:50,0.0,0.62,0.62,0.0,0,0.0,0.0,1,1
0:43:50,0.0,0.62,0.62,0.0,0,0.0,0.0,1,1
0:43:50,0.0,0.62,0.62,0.0,0,0.0,0.0,1,1
0:43:50,0.0,0.62,0.62,0.0,0,0.0,0.0,1,1
0:43:50,0.0,0.62,0.62,0.0,0,0.0,0.0,1,1
0:43:50,0.0,0.62,0.62,0.0,0,0.0,0.0,1,1
0:43:50,0.0,0.62,0.62,0.0,0,0.0,0.0,1,1
0:43:50,0.0,0.62,0.62,0.0,0,0.0,0.0,1,1
0:43:50,0.0,0.62,0.62,0.0,0,0.0,0.0,1,1
0:43:50,0.01,0.62,0.62,0.0,0,0.0,0.0,1,1
0:43:50,0.0,0.62,0.62,0.0,0,0.0,0.0,1,1
0:43:50,0.0,0.62,0.62,0.0,0,0.0,0.0,1,1
0:43:50,0.0,0.62,0.62,0.0,0,0.0,0.0,1,1
0:43:50,0.0,0.62,0.62,0.0,0,0.0,0.0,1,1
0:43:51,0.0,0.62,0.62,0.0,0,0.0,0.0,1,1
0:43:51,0.0,0.62,0.62,0.0,0,0.0,0.0,1,1
0:43:51,0.0,0.62,0.62,0.0,0,0.0,0.0,1,1
0:43:51,0.0,0.62,0.62,0.0,0,0.0,0.0,1,1
0:43:51,0.01,0.62,0.62,0.0,0,0.0,0.0,1,1
0:43:51,0.0,0.62,0.62,0.0,0,0.0,0.0,1,1
0:43:51,0.0,0.62,0.62,0.0,0,0.0,0.0,1,1
0:43:51,0.0,0.62,0.62,0.0,0,0.0,0.0,1,1
0:43:51,0.0,0.62,0.62,0.0,0,0.0,0.0,1,1
0:43:51,0.0,0.62,0.62,0.0,0,0.0,0.0,1,1
0:43:51,0.0,0.62,0.62,0.0,0,0.0,0.0,1,1
0:43:51,0.0,0.62,0.62,0.0,0,0.0,0.0,1,1
0:43:51,0.0,0.62,0.62,0.0,0,0.0,0.0,1,1
0:43:51,0.0,0.62,0.62,0.0,0,0.0,0.0,1,1
0:43:51,0.0,0.62,0.62,0.0,0,0.0,0.0,1,1
0:43:51,0.0,0.62,0.62,0.0,0,0.0,0.0,1,1
0:43:51,0.0,0.62,0.62,0.0,0,0.0,0.0,1,1
0:43:51,0.0,0.62,0.62,0.0,0,0.0,0.0,1,1
0:43:51,0.0,0.62,0.62,0.0,0,0.0,0.0,1,1
0:43:51,0.0,0.62,0.62,0.0,0,0.0,0.0,1,1
0:43:51,0.0,0.62,0.62,0.0,0,0.0,0.0,1,1
0:43:51,0.0,0.62,0.62,0.0,0,0.0,0.0,1,1
0:43:51,0.0,0.62,0.62,0.0,0,0.0,0.0,1,1
0:43:51,0.0,0.62,0.62,0.0,0,0.0,0.0,1,1
0:43:51,0.0,0.62,0.62,0.0,0,0.0,0.0,1,1
0:43:51,0.0,0.62,0.62,0.0,0,0.0,0.0,1,1
0:43:51,0.0,0.62,0.62,0.0,0,0.0,0.0,1,1
0:43:51,0.0,0.62,0.62,0.0,0,0.0,0.0,1,1
0:43:51,0.0,0.62,0.62,0.0,0,0.0,0.0,1,1
0:43:51,0.0,0.62,0.62,0.0,0,0.0,0.0,1,1
0:43:51,0.0,0.62,0.62,0.0,0,0.0,0.0,1,1
0:43:51,0.0,0.62,0.62,0.0,0,0.0,0.0,1,1
0:43:51,0.0,0.62,0.62,0.0,0,0.0,0.0,1,1
0:43:51,0.0,0.62,0.62,0.0,0,0.0,0.0,1,1
0:43:51,0.0,0.62,0.62,0.0,0,0.0,0.0,1,1
0:43:51,0.0,0.62,0.62,0.0,0,0.0,0.0,1,1
0:43:51,0.0,0.62,0.62,0.0,0,0.0,0.0,1,1
0:43:51,0.0,0.62,0.62,0.0,0,0.0,0.0,1,1
0:43:51,0.0,0.62,0.62,0.0,0,0.0,0.0,1,1
0:43:51,0.0,0.62,0.62,0.0,0,0.0,0.0,1,1
0:43:51,0.0,0.62,0.62,0.0,0,0.0,0.0,1,1
0:43:51,0.0,0.62,0.62,0.0,0,0.0,0.0,1,1
0:43:51,0.0,0.62,0.62,0.0,0,0.0,0.0,1,1
0:43:51,0.0,0.62,0.62,0.0,0,0.0,0.0,1,1
0:43:51,0.0,0.62,0.62,0.0,0,0.0,0.0,1,1
0:43:51,0.0,0.62,0.62,0.0,0,0.0,0.0,1,1
0:43:51,0.0,0.62,0.62,0.0,0,0.0,0.0,1,1
0:43:51,0.01,0.62,0.62,0.0,0,0.0,0.0,1,1
0:43:51,0.0,0.62,0.62,0.0,0,0.0,0.0,1,1
0:43:51,0.0,0.62,0.62,0.0,0,0.0,0.0,1,1
0:43:51,0.0,0.62,0.62,0.0,0,0.0,0.0,1,1
0:43:51,0.0,0.62,0.62,0.0,0,0.0,0.0,1,1
0:43:51,0.0,0.62,0.62,0.0,0,0.0,0.0,1,1
0:43:51,0.0,0.62,0.62,0.0,0,0.0,0.0,1,1
0:43:52,0.0,0.62,0.62,0.0,0,0.0,0.0,1,1
0:43:52,0.0,0.62,0.62,0.0,0,0.0,0.0,1,1
0:43:52,0.0,0.62,0.62,0.0,0,0.0,0.0,1,1
0:43:52,0.0,0.62,0.62,0.0,0,0.0,0.0,1,1
0:43:52,0.0,0.62,0.62,0.0,0,0.0,0.0,1,1
0:43:52,0.0,0.62,0.62,0.0,0,0.0,0.0,1,1
0:43:52,0.0,0.62,0.62,0.0,0,0.0,0.0,1,1
0:43:52,0.0,0.62,0.62,0.0,0,0.0,0.0,1,1
0:43:52,0.0,0.62,0.62,0.0,0,0.0,0.0,1,1
0:43:52,0.0,0.62,0.62,0.0,0,0.0,0.0,1,1
0:43:52,0.01,0.62,0.62,0.0,0,0.0,0.0,1,1
0:43:52,0.0,0.62,0.62,0.0,0,0.0,0.0,1,1
0:43:52,0.0,0.62,0.62,0.0,0,0.0,0.0,1,1
0:43:52,0.0,0.62,0.62,0.0,0,0.0,0.0,1,1
0:43:52,0.0,0.62,0.62,0.0,0,0.0,0.0,1,1
0:43:52,0.0,0.62,0.62,0.0,0,0.0,0.0,1,1
0:43:52,0.0,0.62,0.62,0.0,0,0.0,0.0,1,1
0:43:52,0.0,0.62,0.62,0.0,0,0.0,0.0,1,1
0:43:52,0.0,0.62,0.62,0.0,0,0.0,0.0,1,1
0:43:52,0.0,0.62,0.62,0.0,0,0.0,0.0,1,1
0:43:52,0.0,0.62,0.62,0.0,0,0.0,0.0,1,1
0:43:52,0.0,0.62,0.62,0.0,0,0.0,0.0,1,1
0:43:52,0.0,0.62,0.62,0.0,0,0.0,0.0,1,1
0:43:52,0.0,0.62,0.62,0.0,0,0.0,0.0,1,1
0:43:52,0.01,0.62,0.62,0.0,0,0.0,0.0,1,1
0:43:52,0.01,0.62,0.62,0.0,0,0.0,0.0,1,1
0:43:52,0.0,0.62,0.62,0.0,0,0.0,0.0,1,1
0:43:52,0.0,0.62,0.62,0.0,0,0.0,0.0,1,1
0:43:52,0.0,0.62,0.62,0.0,0,0.0,0.0,1,1
0:43:52,0.0,0.62,0.62,0.0,0,0.0,0.0,1,1
0:43:52,0.01,0.62,0.62,0.0,0,0.0,0.0,1,1
0:43:52,0.01,0.62,0.62,0.0,0,0.0,0.0,1,1
0:43:52,0.0,0.62,0.62,0.0,0,0.0,0.0,1,1
0:43:52,0.0,0.62,0.62,0.0,0,0.0,0.0,1,1
0:43:52,0.0,0.62,0.62,0.0,0,0.0,0.0,1,1
0:43:52,0.0,0.62,0.62,0.0,0,0.0,0.0,1,1
0:43:52,0.01,0.62,0.62,0.0,0,0.0,0.0,1,1
0:43:52,0.0,0.62,0.62,0.0,0,0.0,0.0,1,1
0:43:52,0.0,0.62,0.62,0.0,0,0.0,0.0,1,1
0:43:52,0.0,0.62,0.62,0.0,0,0.0,0.0,1,1
0:43:52,0.0,0.62,0.62,0.0,0,0.0,0.0,1,1
0:43:52,0.0,0.62,0.62,0.0,0,0.0,0.0,1,1
0:43:52,0.0,0.62,0.62,0.0,0,0.0,0.0,1,1
0:43:52,0.0,0.62,0.62,0.0,0,0.0,0.0,1,1
0:43:52,0.0,0.62,0.62,0.0,0,0.0,0.0,1,1
0:43:52,0.0,0.62,0.62,0.0,0,0.0,0.0,1,1
0:43:52,0.0,0.62,0.62,0.0,0,0.0,0.0,1,1
0:43:52,0.0,0.62,0.62,0.0,0,0.0,0.0,1,1
0:43:52,0.0,0.62,0.62,0.0,0,0.0,0.0,1,1
0:43:52,0.0,0.62,0.62,0.0,0,0.0,0.0,1,1
0:43:52,0.0,0.62,0.62,0.0,0,0.0,0.0,1,1
0:43:52,0.0,0.62,0.62,0.0,0,0.0,0.0,1,1
0:43:52,0.0,0.62,0.62,0.0,0,0.0,0.0,1,1
0:43:52,0.0,0.62,0.62,0.0,0,0.0,0.0,1,1
0:43:52,0.0,0.62,0.62,0.0,0,0.0,0.0,1,1
0:43:52,0.0,0.62,0.62,0.0,0,0.0,0.0,1,1
0:43:53,0.0,0.62,0.62,0.0,0,0.0,0.0,1,1
0:43:53,0.0,0.62,0.62,0.0,0,0.0,0.0,1,1
0:43:53,0.01,0.62,0.62,0.0,0,0.0,0.0,1,1
0:43:53,0.01,0.62,0.62,0.0,0,0.0,0.0,1,1
0:43:53,0.0,0.62,0.62,0.0,0,0.0,0.0,1,1
0:43:53,0.0,0.62,0.62,0.0,0,0.0,0.0,1,1
0:43:53,0.0,0.62,0.62,0.0,0,0.0,0.0,1,1
0:43:53,0.0,0.62,0.62,0.0,0,0.0,0.0,1,1
0:43:53,0.0,0.62,0.62,0.0,0,0.0,0.0,1,1
0:43:53,0.0,0.62,0.62,0.0,0,0.0,0.0,1,1
0:43:53,0.0,0.62,0.62,0.0,0,0.0,0.0,1,1
0:43:53,0.0,0.62,0.62,0.0,0,0.0,0.0,1,1
0:43:53,0.0,0.62,0.62,0.0,0,0.0,0.0,1,1
0:43:53,0.0,0.62,0.62,0.0,0,0.0,0.0,1,1
0:43:53,0.0,0.62,0.62,0.0,0,0.0,0.0,1,1
0:43:53,0.0,0.62,0.62,0.0,0,0.0,0.0,1,1
0:43:53,0.0,0.62,0.62,0.0,0,0.0,0.0,1,1
0:43:53,0.0,0.62,0.62,0.0,0,0.0,0.0,1,1
0:43:53,0.0,0.62,0.62,0.0,0,0.0,0.0,1,1
0:43:53,0.0,0.62,0.62,0.0,0,0.0,0.0,1,1
0:43:53,0.0,0.62,0.62,0.0,0,0.0,0.0,1,1
0:43:53,0.01,0.62,0.62,0.0,0,0.0,0.0,1,1
0:43:53,0.01,0.62,0.62,0.0,0,0.0,0.0,1,1
0:43:53,0.0,0.62,0.62,0.0,0,0.0,0.0,1,1
0:43:53,0.0,0.62,0.62,0.0,0,0.0,0.0,1,1
0:43:53,0.0,0.62,0.62,0.0,0,0.0,0.0,1,1
0:43:53,0.0,0.62,0.62,0.0,0,0.0,0.0,1,1
0:43:53,0.0,0.62,0.62,0.0,0,0.0,0.0,1,1
0:43:53,0.0,0.62,0.62,0.0,0,0.0,0.0,1,1
0:43:53,0.0,0.62,0.62,0.0,0,0.0,0.0,1,1
0:43:53,0.01,0.62,0.62,0.0,0,0.0,0.0,1,1
0:43:53,0.0,0.62,0.62,0.0,0,0.0,0.0,1,1
0:43:53,0.0,0.62,0.62,0.0,0,0.0,0.0,1,1
0:43:53,0.0,0.62,0.62,0.0,0,0.0,0.0,1,1
0:43:53,0.0,0.62,0.62,0.0,0,0.0,0.0,1,1
0:43:53,0.0,0.62,0.62,0.0,0,0.0,0.0,1,1
0:43:53,0.0,0.62,0.62,0.0,0,0.0,0.0,1,1
0:43:53,0.0,0.62,0.62,0.0,0,0.0,0.0,1,1
0:43:53,0.0,0.62,0.62,0.0,0,0.0,0.0,1,1
0:43:53,0.0,0.62,0.62,0.0,0,0.0,0.0,1,1
0:43:53,0.0,0.0,0.0,-0.0,0,0.0,0.0,1,1
0:43:53,0.0,0.0,0.0,-0.0,0,0.0,0.0,1,1
0:43:53,0.0,0.0,0.0,-0.0,0,0.0,0.0,1,1
0:43:53,0.09,0.0,0.0,-0.0,0,0.0,0.0,1,1
0:43:53,0.16,0.0,0.0,-0.0,0,0.0,0.0,1,1
0:43:53,0.16,0.0,0.0,-0.0,0,0.0,0.0,1,1
0:43:53,0.23,0.0,0.0,-0.0,0,0.0,0.0,1,1
0:43:53,0.31,0.0,0.0,-0.0,0,0.0,0.0,1,1
0:43:53,0.33,0.0,0.0,-0.0,0,0.0,0.0,1,1
0:43:53,0.33,0.0,0.0,-0.0,0,0.0,0.0,1,1
0:43:53,0.34,0.0,0.0,-0.0,0,0.0,0.0,1,1
0:43:53,0.34,0.0,0.0,-0.0,0,0.0,0.0,1,1
0:43:53,0.36,0.0,0.0,-0.0,0,0.0,0.0,1,1
0:43:53,0.36,0.0,0.0,-0.0,0,0.0,0.0,1,1
0:43:54,0.29,0.03,0.0,-0.0,0,0.0,0.0,1,1
0:43:54,0.29,0.03,0.0,-0.0,0,0.0,0.0,1,1
0:43:54,0.37,0.23,0.0,-0.0,0,0.0,0.0,1,1
0:43:54,0.37,0.23,0.0,-0.0,0,0.0,0.0,1,1
0:43:54,0.33,0.26,0.0,-0.0,0,0.0,0.0,1,1
0:43:54,0.4,0.3,0.0,-0.0,0,0.0,0.0,1,1
0:43:54,0.4,0.3,0.0,-0.0,0,0.0,0.0,1,1
0:43:54,0.43,0.38,0.0,-0.0,0,0.0,0.0,1,1
0:43:54,0.41,0.4,0.0,-0.0,0,0.0,0.0,1,1
0:43:54,0.55,0.42,0.0,-0.0,0,0.0,0.0,1,1
0:43:54,0.6,0.45,0.0,-0.0,0,0.0,0.0,1,1
0:43:54,0.55,0.47,0.0,-0.0,0,0.0,0.0,1,1
0:43:54,0.55,0.47,0.0,-0.0,0,0.0,0.0,1,1
0:43:54,0.65,0.52,0.0,-0.0,0,0.0,0.0,1,1
0:43:54,0.65,0.52,0.0,-0.0,0,0.0,0.0,1,1
0:43:54,0.86,0.55,0.0,-0.0,0,0.0,0.0,1,1
0:43:54,1.01,0.57,0.0,-0.0,0,0.0,0.0,1,1
0:43:54,1.07,0.59,0.0,-0.0,0,0.0,0.0,1,1
0:43:54,1.28,0.61,0.0,-0.0,0,0.0,0.0,1,1
0:43:54,1.28,0.61,0.0,-0.0,0,0.0,0.0,1,1
0:43:54,1.38,0.66,0.0,-0.0,0,0.0,0.0,1,1
0:43:54,1.32,0.67,0.0,-0.0,0,0.0,0.0,1,1
0:43:54,1.59,0.68,0.0,-0.0,0,0.0,0.0,1,1
0:43:54,1.6,0.7,0.0,-0.0,0,0.0,0.0,1,1
0:43:54,1.85,0.72,0.0,-0.0,0,0.0,0.0,1,1
0:43:54,1.85,0.72,0.0,-0.0,0,0.0,0.0,1,1
0:43:54,2.25,0.73,0.0,-0.0,0,0.0,0.0,1,1
0:43:54,2.25,0.73,0.0,-0.0,0,0.0,0.0,1,1
0:43:54,2.31,0.74,0.0,-0.0,0,0.0,0.0,1,1
0:43:54,2.57,0.74,0.0,-0.0,0,0.0,0.0,1,1
0:43:54,2.69,0.74,0.0,-0.0,0,0.0,0.0,1,1
0:43:54,2.69,0.74,0.0,-0.0,0,0.0,0.0,1,1
0:43:54,2.87,0.75,0.0,-0.0,0,0.0,0.0,1,1
0:43:54,2.98,0.75,0.0,-0.0,0,0.0,0.0,1,1
0:43:54,3.14,0.75,0.0,-0.0,0,0.0,0.0,1,1
0:43:54,3.14,0.75,0.0,-0.0,0,0.0,0.0,1,1
0:43:54,3.55,0.76,0.0,-0.0,0,0.0,0.0,1,1
0:43:54,3.55,0.76,0.0,-0.0,0,0.0,0.0,1,1
0:43:54,3.83,0.76,0.0,-0.0,0,0.0,0.0,1,1
0:43:54,3.84,0.77,0.0,-0.0,0,0.0,0.0,1,1
0:43:54,4.12,0.77,0.0,-0.0,0,0.0,0.0,1,1
0:43:54,4.18,0.77,0.0,-0.0,0,0.0,0.0,1,1
0:43:54,4.48,0.77,0.0,-0.0,0,0.0,0.0,1,1
0:43:54,4.54,0.77,0.0,-0.0,0,0.0,0.0,1,1
0:43:54,4.54,0.77,0.0,-0.0,0,0.0,0.0,1,1
0:43:54,4.94,0.77,0.0,-0.0,0,0.0,0.0,1,1
0:43:54,4.94,0.77,0.0,-0.0,0,0.0,0.0,1,1
0:43:54,5.24,0.77,0.0,-0.0,0,0.0,0.0,1,1
0:43:54,5.32,0.77,0.0,-0.0,0,0.0,0.0,1,1
0:43:54,5.61,0.77,0.0,-0.0,0,0.0,0.0,1,1
0:43:54,5.61,0.77,0.0,-0.0,0,0.0,0.0,1,1
0:43:54,5.8,0.78,0.0,-0.0,0,0.0,0.0,1,1
0:43:54,5.8,0.78,0.0,-0.0,0,0.0,0.0,1,1
0:43:55,6.15,0.81,0.0,-0.0,0,0.0,0.0,1,1
0:43:55,6.25,0.82,0.0,-0.0,0,0.0,0.0,1,1
0:43:55,6.34,0.84,0.0,-0.0,0,0.0,0.0,1,1
0:43:55,6.71,0.85,0.0,-0.0,0,0.0,0.0,1,1
0:43:55,6.71,0.85,0.0,-0.0,0,0.0,0.0,1,1
0:43:55,6.96,0.87,0.0,-0.0,0,0.0,0.0,1,1
0:43:55,6.96,0.87,0.0,-0.0,0,0.0,0.0,1,1
0:43:55,7.33,0.88,0.0,-0.0,0,0.0,0.0,1,1
0:43:55,7.46,0.88,0.0,-0.0,0,0.0,0.0,1,1
0:43:55,7.46,0.88,0.0,-0.0,0,0.0,0.0,1,1
0:43:55,7.9,0.89,0.0,-0.0,0,0.0,0.0,1,1
0:43:55,7.9,0.89,0.0,-0.0,0,0.0,0.0,1,1
0:43:55,8.18,0.89,0.0,-0.0,0,0.0,0.0,1,1
0:43:55,8.33,0.89,0.0,-0.0,0,0.0,0.0,1,1
0:43:55,8.62,0.89,0.0,-0.0,0,0.0,0.0,1,1
0:43:55,8.62,0.89,0.0,-0.0,0,0.0,0.0,1,1
0:43:55,9.04,0.89,0.0,-0.0,0,0.0,0.0,1,1
0:43:55,9.23,0.89,0.0,-0.0,0,0.0,0.0,1,1
0:43:55,9.54,0.89,0.0,-0.0,0,0.0,0.0,1,1
0:43:55,9.54,0.89,0.0,-0.0,0,0.0,0.0,1,1
0:43:55,9.86,0.89,0.0,-0.0,0,0.0,0.0,1,1
0:43:55,10.04,0.92,0.0,-0.0,0,0.0,0.0,1,1
0:43:55,10.22,0.93,0.0,-0.0,0,0.0,0.0,1,1
0:43:55,10.49,0.95,0.0,-0.0,0,0.0,0.0,1,1
0:43:55,10.69,0.95,0.0,-0.0,0,0.0,0.0,1,1
0:43:55,10.69,0.95,0.0,-0.0,0,0.0,0.0,1,1
0:43:55,10.97,0.96,0.0,-0.0,0,0.0,0.0,1,1
0:43:55,11.17,0.97,0.0,-0.0,0,0.0,0.0,1,1
0:43:55,11.17,0.97,0.0,-0.0,0,0.0,0.0,1,1
0:43:55,11.41,0.98,0.0,-0.0,0,0.0,0.0,1,1
0:43:55,11.88,0.98,0.0,-0.0,0,0.0,0.0,1,1
0:43:55,11.88,0.98,0.0,-0.0,0,0.0,0.0,1,1
0:43:55,12.1,0.98,0.0,-0.0,0,0.0,0.0,1,1
0:43:55,12.34,0.98,0.0,-0.0,0,0.0,0.0,1,1
0:43:55,12.34,0.98,0.0,-0.0,0,0.0,0.0,1,1
0:43:55,12.81,0.98,0.0,-0.0,0,0.0,0.0,1,1
0:43:55,12.81,0.98,0.0,-0.0,0,0.0,0.0,1,1
0:43:55,13.08,0.98,0.0,-0.0,0,0.0,0.0,1,1
0:43:55,13.3,0.98,0.0,-0.0,0,0.0,0.0,1,1
0:43:55,13.3,0.98,0.0,-0.0,0,0.0,0.0,1,1
0:43:55,13.82,0.98,0.0,-0.0,0,0.0,0.0,1,1
0:43:55,13.82,0.98,0.0,-0.0,0,0.0,0.0,1,1
0:43:55,14.24,1.0,0.0,-0.0,0,0.0,0.0,1,1
0:43:55,14.24,1.0,0.0,-0.0,0,0.0,0.0,1,1
0:43:55,14.71,1.0,0.0,-0.0,0,0.0,0.0,1,1
0:43:55,14.71,1.0,0.0,-0.0,0,0.0,0.0,1,1
0:43:55,14.95,1.0,0.0,-0.0,0,0.0,0.0,1,1
0:43:55,15.2,1.0,0.0,-0.0,0,0.0,0.0,1,1
0:43:55,15.2,1.0,0.0,-0.0,0,0.0,0.0,1,1
0:43:55,15.65,1.0,0.0,-0.0,0,0.0,0.0,1,1
0:43:55,15.65,1.0,0.0,-0.0,0,0.0,0.0,1,1
0:43:55,16.13,1.0,0.0,-0.0,0,0.0,0.0,1,1
0:43:55,16.13,1.0,0.0,-0.0,0,0.0,0.0,1,1
0:43:55,16.37,1.0,0.0,-0.0,0,0.0,0.0,1,1
0:43:56,16.59,1.0,0.0,-0.0,0,0.0,0.0,1,1
0:43:56,16.84,1.0,0.0,-0.0,0,0.0,0.0,1,1
0:43:56,16.84,1.0,0.0,-0.0,0,0.0,0.0,1,1
0:43:56,17.28,1.0,0.0,-0.0,0,0.0,0.0,1,1
0:43:56,17.28,1.0,0.0,-0.0,0,0.0,0.0,1,1
0:43:56,17.55,1.0,0.0,-0.0,0,0.0,0.0,1,1
0:43:56,17.74,1.0,0.0,-0.0,0,0.0,0.0,1,1
0:43:56,18.01,1.0,0.0,-0.0,0,0.0,0.0,1,1
0:43:56,18.25,1.0,0.0,-0.0,0,0.0,0.0,1,1
0:43:56,18.48,1.0,0.0,-0.0,0,0.0,0.0,1,1
0:43:56,18.63,1.0,0.0,-0.0,0,0.0,0.0,1,1
0:43:56,18.97,1.0,0.0,-0.0,1,0.0,0.0,1,1
0:43:56,18.97,1.0,0.0,-0.0,1,0.0,0.0,1,1
0:43:56,19.52,1.0,0.0,-0.0,1,0.0,0.0,1,1
0:43:56,19.33,1.0,0.0,-0.0,1,0.0,0.0,1,1
0:43:56,19.33,1.0,0.0,-0.0,1,0.0,0.0,1,1
0:43:56,19.69,1.0,0.0,-0.0,1,0.0,0.0,1,1
0:43:56,19.69,1.0,0.0,-0.0,1,0.0,0.0,1,1
0:43:56,19.77,1.0,0.0,-0.0,1,0.0,0.0,1,1
0:43:56,19.89,1.0,0.0,-0.0,1,0.0,0.0,1,1
0:43:56,20.81,1.0,0.0,-0.0,1,0.0,0.0,1,1
0:43:56,21.06,1.0,0.0,-0.0,1,0.0,0.0,1,1
0:43:56,20.85,1.0,0.0,-0.0,1,0.0,0.0,1,1
0:43:56,21.47,1.0,0.0,-0.0,1,0.0,0.0,1,1
0:43:56,21.82,1.0,0.0,-0.0,1,0.0,0.0,1,1
0:43:56,21.82,1.0,0.0,-0.0,1,0.0,0.0,1,1
0:43:56,21.59,1.0,0.0,-0.0,1,0.0,0.0,1,1
0:43:56,21.59,1.0,0.0,-0.0,1,0.0,0.0,1,1
0:43:56,22.45,1.0,0.0,-0.0,1,0.0,0.0,1,1
0:43:56,22.65,1.0,0.0,-0.0,1,0.0,0.0,1,1
0:43:56,22.44,1.0,0.0,-0.0,1,0.0,0.0,1,1
0:43:56,23.11,1.0,0.0,-0.0,1,0.0,0.0,1,1
0:43:56,23.44,1.0,0.0,-0.0,1,0.0,0.0,1,1
0:43:56,23.44,1.0,0.0,-0.0,1,0.0,0.0,1,1
0:43:56,23.29,1.0,0.0,-0.0,1,0.0,0.0,1,1
0:43:56,24.03,1.0,0.0,-0.0,1,0.0,0.0,1,1
0:43:56,24.03,1.0,0.0,-0.0,1,0.0,0.0,1,1
0:43:56,23.97,1.0,0.0,-0.0,1,0.0,0.0,1,1
0:43:56,24.5,1.0,0.0,-0.0,1,0.0,0.0,1,1
0:43:56,24.44,1.0,0.0,-0.0,1,0.0,0.0,1,1
0:43:56,24.99,1.0,0.0,-0.0,1,0.0,0.0,1,1
0:43:56,24.98,1.0,0.0,-0.0,1,0.0,0.0,1,1
0:43:56,24.98,1.0,0.0,-0.0,1,0.0,0.0,1,1
0:43:56,25.48,1.0,0.0,-0.0,1,0.0,0.0,1,1
0:43:56,25.48,1.0,0.0,-0.0,1,0.0,0.0,1,1
0:43:56,25.79,1.0,0.0,-0.0,1,0.0,0.0,1,1
0:43:56,25.79,1.0,0.0,-0.0,1,0.0,0.0,1,1
0:43:56,26.46,1.0,0.0,-0.0,1,0.0,0.0,1,1
0:43:56,26.46,1.0,0.0,-0.0,1,0.0,0.0,1,1
0:43:56,26.73,1.0,0.0,-0.0,1,0.0,0.0,1,1
0:43:56,26.73,1.0,0.0,-0.0,1,0.0,0.0,1,1
0:43:56,27.15,1.0,0.0,-0.0,1,0.0,0.0,1,1
0:43:56,27.34,1.0,0.0,-0.0,1,0.0,0.0,1,1
0:43:57,27.83,1.0,0.0,-0.0,1,0.0,0.0,1,1
0:43:57,27.83,1.0,0.0,-0.0,1,0.0,0.0,1,1
0:43:57,28.01,1.0,0.0,-0.0,0,0.0,0.0,1,1
0:43:57,28.32,1.0,0.0,-0.0,0,0.0,0.0,1,1
0:43:57,28.5,1.0,0.0,-0.0,0,0.0,0.0,1,1
0:43:57,28.64,1.0,0.0,-0.0,0,0.0,0.0,1,1
0:43:57,29.0,1.0,0.0,-0.0,0,0.0,0.0,1,1
0:43:57,29.0,1.0,0.0,-0.0,0,0.0,0.0,1,1
0:43:57,29.21,1.0,0.0,-0.0,0,0.0,0.0,1,1
0:43:57,29.38,1.0,0.0,-0.0,0,0.0,0.0,1,1
0:43:57,29.69,1.0,0.0,-0.0,0,0.0,0.0,1,1
0:43:57,29.89,1.0,0.0,-0.0,0,0.0,0.0,1,1
0:43:57,29.89,1.0,0.0,-0.0,0,0.0,0.0,1,1
0:43:57,30.38,1.0,0.0,-0.0,0,0.0,0.0,1,1
0:43:57,30.54,1.0,0.0,-0.0,0,0.0,0.0,1,1
0:43:57,30.86,1.0,0.0,-0.0,0,0.0,0.0,1,1
0:43:57,31.06,1.0,0.0,-0.0,0,0.0,0.0,1,1
0:43:57,31.24,1.0,0.0,-0.0,0,0.0,0.0,1,1
0:43:57,31.24,1.0,0.0,-0.0,0,0.0,0.0,1,1
0:43:57,31.74,1.0,0.0,-0.0,0,0.0,0.0,1,1
0:43:57,31.74,1.0,0.0,-0.0,0,0.0,0.0,1,1
0:43:57,32.26,1.0,0.0,-0.0,0,0.0,0.0,1,1
0:43:57,32.26,1.0,0.0,-0.0,0,0.0,0.0,1,1
0:43:57,32.43,1.0,0.0,-0.0,0,0.0,0.0,1,1
0:43:57,32.7,1.0,0.0,-0.0,0,0.0,0.0,1,1
0:43:57,32.9,1.0,0.0,-0.0,0,0.0,0.0,1,1
0:43:57,33.1,1.0,0.0,-0.0,0,0.0,0.0,1,1
0:43:57,33.1,1.0,0.0,-0.0,0,0.0,0.0,1,1
0:43:57,33.6,1.0,0.0,-0.0,0,0.0,0.0,1,1
0:43:57,33.6,1.0,0.0,-0.0,0,0.0,0.0,1,1
0:43:57,33.96,1.0,0.0,-0.0,0,0.0,0.0,1,1
0:43:57,33.96,1.0,0.0,-0.0,0,0.0,0.0,1,1
0:43:57,34.49,1.0,0.0,-0.0,0,0.0,0.0,1,1
0:43:57,34.49,1.0,0.0,-0.0,0,0.0,0.0,1,1
0:43:57,34.68,1.0,0.0,-0.0,0,0.0,0.0,1,1
0:43:57,34.87,1.0,0.0,-0.0,0,0.0,0.0,1,1
0:43:57,35.05,1.0,0.0,-0.0,0,0.0,0.0,1,1
0:43:57,35.33,1.0,0.0,-0.0,0,0.0,0.0,1,1
0:43:57,35.33,1.0,0.0,-0.0,0,0.0,0.0,1,1
0:43:57,35.75,1.0,0.0,-0.0,0,0.0,0.0,1,1
0:43:57,35.75,1.0,0.0,-0.0,0,0.0,0.0,1,1
0:43:57,36.21,1.0,0.0,-0.0,0,0.0,0.0,1,1
0:43:57,36.21,1.0,0.0,-0.0,0,0.0,0.0,1,1
0:43:57,36.64,1.0,0.0,-0.0,0,0.0,0.0,1,1
0:43:57,36.64,1.0,0.0,-0.0,0,0.0,0.0,1,1
0:43:57,36.89,1.0,0.0,-0.0,0,0.0,0.0,1,1
0:43:57,37.3,1.0,0.0,-0.0,0,0.0,0.0,1,1
0:43:57,37.3,1.0,0.0,-0.0,0,0.0,0.0,1,1
0:43:57,37.53,1.0,0.0,-0.0,0,0.0,0.0,1,1
0:43:57,37.78,1.0,0.0,-0.0,0,0.0,0.0,1,1
0:43:57,38.0,1.0,0.0,-0.0,0,0.0,0.0,1,1
0:43:57,38.25,1.0,0.0,-0.0,0,0.0,0.0,1,1
0:43:57,38.47,1.0,0.0,-0.0,0,0.0,0.0,1,1
0:43:57,38.47,1.0,0.0,-0.0,0,0.0,0.0,1,1
0:43:58,38.68,1.0,0.0,-0.0,0,0.0,0.0,1,1
0:43:58,38.92,0.98,0.0,-0.0,0,0.0,0.0,1,1
0:43:58,39.12,0.94,0.0,-0.0,0,0.0,0.0,1,1
0:43:58,39.34,0.91,0.0,-0.0,0,0.0,0.0,1,1
0:43:58,39.57,0.87,0.0,-0.0,0,0.0,0.0,1,1
0:43:58,39.76,0.83,0.0,-0.0,0,0.0,0.0,1,1
0:43:58,39.95,0.81,0.0,-0.0,0,0.0,0.0,1,1
0:43:58,39.95,0.81,0.0,-0.0,0,0.0,0.0,1,1
0:43:58,40.14,0.77,0.0,-0.0,0,0.0,0.0,1,1
0:43:58,40.3,0.75,0.0,-0.0,0,0.0,0.0,1,1
0:43:58,40.49,0.75,0.0,-0.0,0,0.0,0.0,1,1
0:43:58,40.64,0.73,0.0,-0.0,0,0.0,0.0,1,1
0:43:58,40.78,0.72,0.0,-0.0,0,0.0,0.0,1,1
0:43:58,40.78,0.72,0.0,-0.0,0,0.0,0.0,1,1
0:43:58,41.05,0.62,0.0,-0.0,0,0.0,0.0,1,1
0:43:58,41.05,0.62,0.0,-0.0,0,0.0,0.0,1,1
0:43:58,41.27,0.56,0.0,-0.0,0,0.0,0.0,1,1
0:43:58,41.27,0.56,0.0,-0.0,0,0.0,0.0,1,1
0:43:58,41.38,0.54,0.0,-0.0,0,0.0,0.0,1,1
0:43:58,41.46,0.53,0.0,-0.0,0,0.0,0.0,1,1
0:43:58,41.54,0.49,0.0,-0.0,0,0.0,0.0,1,1
0:43:58,41.54,0.49,0.0,-0.0,0,0.0,0.0,1,1
0:43:58,41.61,0.45,0.0,-0.0,0,0.0,0.0,1,1
0:43:58,41.71,0.39,0.0,-0.0,0,0.0,0.0,1,1
0:43:58,41.71,0.39,0.0,-0.0,0,0.0,0.0,1,1
0:43:58,41.74,0.34,0.0,-0.0,0,0.0,0.0,1,1
0:43:58,41.76,0.29,0.0,-0.0,0,0.0,0.0,1,1
0:43:58,41.77,0.26,0.0,-0.0,0,0.0,0.0,1,1
0:43:58,41.77,0.22,0.0,-0.0,0,0.0,0.0,1,1
0:43:58,41.75,0.18,0.0,-0.0,0,0.0,0.0,1,1
0:43:58,41.75,0.18,0.0,-0.0,0,0.0,0.0,1,1
0:43:58,41.69,0.16,0.0,-0.0,0,0.0,0.0,1,1
0:43:58,41.69,0.16,0.0,-0.0,0,0.0,0.0,1,1
0:43:58,41.6,0.14,0.0,-0.0,0,0.0,0.0,1,1
0:43:58,41.6,0.14,0.0,-0.0,0,0.0,0.0,1,1
0:43:58,41.49,0.14,0.0,-0.0,0,0.0,0.0,1,1
0:43:58,41.42,0.14,0.0,-0.0,0,0.0,0.0,1,1
0:43:58,41.36,0.14,0.0,-0.0,0,0.0,0.0,1,1
0:43:58,41.36,0.14,0.0,-0.0,0,0.0,0.0,1,1
0:43:58,41.22,0.14,0.0,-0.0,0,0.0,0.0,1,1
0:43:58,41.22,0.14,0.0,-0.0,0,0.0,0.0,1,1
0:43:58,41.15,0.14,0.0,-0.0,0,0.0,0.0,1,1
0:43:58,41.08,0.14,0.0,-0.0,0,0.0,0.0,1,1
0:43:58,40.93,0.14,0.0,-0.0,0,0.0,0.0,1,1
0:43:58,40.93,0.14,0.0,-0.0,0,0.0,0.0,1,1
0:43:58,40.78,0.14,0.0,-0.0,0,0.0,0.0,1,1
0:43:58,40.78,0.14,0.0,-0.0,0,0.0,0.0,1,1
0:43:58,40.64,0.2,0.0,-0.0,0,0.0,0.0,1,1
0:43:58,40.58,0.2,0.0,-0.0,0,0.0,0.0,1,1
0:43:58,40.51,0.23,0.0,-0.0,0,0.0,0.0,1,1
0:43:58,40.51,0.23,0.0,-0.0,0,0.0,0.0,1,1
0:43:58,40.39,0.28,0.0,-0.0,0,0.0,0.0,1,1
0:43:58,40.39,0.28,0.0,-0.0,0,0.0,0.0,1,1
0:43:59,40.33,0.34,0.0,-0.0,0,0.0,0.0,1,1
0:43:59,40.29,0.39,0.0,-0.0,0,0.0,0.0,1,1
0:43:59,40.24,0.44,0.0,-0.0,0,0.0,0.0,1,1
0:43:59,40.24,0.44,0.0,-0.0,0,0.0,0.0,1,1
0:43:59,40.22,0.47,0.0,-0.0,0,0.0,0.0,1,1
0:43:59,40.21,0.5,0.0,-0.0,0,0.0,0.0,1,1
0:43:59,40.21,0.5,0.0,-0.0,0,0.0,0.0,1,1
0:43:59,40.21,0.53,0.0,-0.0,0,0.0,0.0,1,1
0:43:59,40.22,0.54,0.0,-0.0,0,0.0,0.0,1,1
0:43:59,40.26,0.57,0.0,-0.0,0,0.0,0.0,1,1
0:43:59,40.26,0.57,0.0,-0.0,0,0.0,0.0,1,1
0:43:59,40.33,0.61,0.0,-0.0,0,0.0,0.0,1,1
0:43:59,40.33,0.61,0.0,-0.0,0,0.0,0.0,1,1
0:43:59,40.37,0.61,0.0,-0.0,0,0.0,0.0,1,1
0:43:59,40.42,0.62,0.0,-0.0,0,0.0,0.0,1,1
0:43:59,40.47,0.63,0.0,-0.0,0,0.0,0.0,1,1
0:43:59,40.53,0.65,0.0,-0.0,0,0.0,0.0,1,1
0:43:59,40.59,0.65,0.0,-0.0,0,0.0,0.0,1,1
0:43:59,40.65,0.67,0.0,-0.0,0,0.0,0.0,1,1
0:43:59,40.65,0.67,0.0,-0.0,0,0.0,0.0,1,1
0:43:59,40.73,0.68,0.0,-0.0,0,0.0,0.0,1,1
0:43:59,40.8,0.68,0.0,-0.0,0,0.0,0.0,1,1
0:43:59,40.88,0.68,0.0,-0.0,0,0.0,0.0,1,1
0:43:59,40.95,0.7,0.0,-0.0,0,0.0,0.0,1,1
0:43:59,41.1,0.72,0.0,-0.0,0,0.0,0.0,1,1
0:43:59,41.1,0.72,0.0,-0.0,0,0.0,0.0,1,1
0:43:59,41.29,0.73,0.0,-0.0,0,0.0,0.0,1,1
0:43:59,41.29,0.73,0.0,-0.0,0,0.0,0.0,1,1
0:43:59,41.47,0.75,0.0,-0.0,0,0.0,0.0,1,1
0:43:59,41.47,0.75,0.0,-0.0,0,0.0,0.0,1,1
0:43:59,41.58,0.75,0.0,-0.0,0,0.0,0.0,1,1
0:43:59,41.68,0.76,0.0,-0.0,0,0.0,0.0,1,1
0:43:59,41.79,0.77,0.0,-0.0,0,0.0,0.0,1,1
0:43:59,41.9,0.78,0.0,-0.0,0,0.0,0.0,1,1
0:43:59,42.0,0.79,0.0,-0.0,0,0.0,0.0,1,1
0:43:59,42.1,0.8,0.0,-0.0,0,0.0,0.0,1,1
0:43:59,42.21,0.81,0.0,-0.0,0,0.0,0.0,1,1
0:43:59,42.35,0.81,0.0,-0.0,0,0.0,0.0,1,1
0:43:59,42.35,0.81,0.0,-0.0,0,0.0,0.0,1,1
0:43:59,42.49,0.83,0.0,-0.0,0,0.0,0.0,1,1
0:43:59,42.61,0.84,0.0,-0.0,0,0.0,0.0,1,1
0:43:59,42.75,0.85,0.0,-0.0,0,0.0,0.0,1,1
0:43:59,42.89,0.86,0.0,-0.0,0,0.0,0.0,1,1
0:43:59,43.12,0.87,0.0,-0.0,0,0.0,0.0,1,1
0:43:59,43.12,0.87,0.0,-0.0,0,0.0,0.0,1,1
0:43:59,43.27,0.88,0.0,-0.0,0,0.0,0.0,1,1
0:43:59,43.39,0.89,0.0,-0.0,0,0.0,0.0,1,1
0:43:59,43.56,0.89,0.0,-0.0,0,0.0,0.0,1,1
0:43:59,43.7,0.9,0.0,-0.0,0,0.0,0.0,1,1
0:43:59,43.87,0.93,0.0,-0.0,0,0.0,0.0,1,1
0:43:59,44.04,0.94,0.0,-0.0,0,0.0,0.0,1,1
0:43:59,44.2,0.95,0.0,-0.0,0,0.0,0.0,1,1
0:43:59,44.36,0.96,0.0,-0.0,0,0.0,0.0,1,1
0:43:59,44.52,0.96,0.0,-0.0,0,0.0,0.0,1,1
0:43:59,44.69,0.96,0.0,-0.0,0,0.0,0.0,1,1
0:43:59,44.69,0.96,0.0,-0.0,0,0.0,0.0,1,1
0:43:59,44.86,0.97,0.0,-0.0,0,0.0,0.0,1,1
0:44:00,45.03,0.97,0.0,-0.0,0,0.0,0.0,1,1
0:44:00,45.2,0.97,0.0,-0.0,0,0.0,0.0,1,1
0:44:00,45.36,0.97,0.0,-0.0,0,0.0,0.0,1,1
0:44:00,45.69,0.98,0.0,-0.0,0,0.0,0.0,1,1
0:44:00,45.69,0.98,0.0,-0.0,0,0.0,0.0,1,1
0:44:00,46.07,0.98,0.0,-0.0,0,0.0,0.0,1,1
0:44:00,46.07,0.98,0.0,-0.0,0,0.0,0.0,1,1
0:44:00,46.26,0.98,0.0,-0.0,0,0.0,0.0,1,1
0:44:00,46.45,0.98,0.0,-0.0,0,0.0,0.0,1,1
0:44:00,46.64,0.98,0.0,-0.0,0,0.0,0.0,1,1
0:44:00,46.98,0.98,0.0,-0.0,0,0.0,0.0,1,1
0:44:00,47.16,0.98,0.0,-0.0,0,0.0,0.0,1,1
0:44:00,47.35,0.98,0.0,-0.0,0,0.0,0.0,1,1
0:44:00,47.54,0.98,0.0,-0.0,0,0.0,0.0,1,1
0:44:00,47.72,0.98,0.0,-0.0,0,0.0,0.0,1,1
0:44:00,47.9,0.98,0.0,-0.0,0,0.0,0.0,1,1
0:44:00,48.08,0.98,0.0,-0.0,0,0.0,0.0,1,1
0:44:00,48.26,0.98,0.0,-0.0,0,0.0,0.0,1,1
0:44:00,48.26,0.98,0.0,-0.0,0,0.0,0.0,1,1
0:44:00,48.62,0.98,0.0,-0.0,0,0.0,0.0,1,1
0:44:00,48.79,0.96,0.0,-0.0,0,0.0,0.0,1,1
0:44:00,49.14,0.96,0.0,-0.0,0,0.0,0.0,1,1
0:44:00,49.14,0.96,0.0,-0.0,0,0.0,0.0,1,1
0:44:00,49.35,0.94,0.0,-0.0,0,0.0,0.0,1,1
0:44:00,49.52,0.93,0.0,-0.0,0,0.0,0.0,1,1
0:44:00,49.71,0.9,0.0,-0.0,0,0.0,0.0,1,1
0:44:00,49.89,0.87,0.0,-0.0,0,0.0,0.0,1,1
0:44:00,49.89,0.87,0.0,-0.0,0,0.0,0.0,1,1
0:44:00,50.07,0.81,0.0,-0.0,0,0.0,0.0,1,1
0:44:00,50.22,0.77,0.0,-0.0,0,0.0,0.0,1,1
0:44:00,50.38,0.76,0.0,-0.0,0,0.0,0.0,1,1
0:44:00,50.52,0.72,0.0,-0.0,0,0.0,0.0,1,1
0:44:00,50.76,0.67,0.0,-0.0,0,0.0,0.0,1,1
0:44:00,50.76,0.67,0.0,-0.0,0,0.0,0.0,1,1
0:44:00,50.98,0.62,0.0,-0.0,0,0.0,0.0,1,1
0:44:00,50.98,0.62,0.0,-0.0,0,0.0,0.0,1,1
0:44:00,51.16,0.57,0.0,-0.0,0,0.0,0.0,1,1
0:44:00,51.16,0.57,0.0,-0.0,0,0.0,0.0,1,1
0:44:00,51.31,0.54,0.0,-0.0,0,0.0,0.0,1,1
0:44:00,51.38,0.54,0.0,-0.0,0,0.0,0.0,1,1
0:44:00,51.43,0.51,0.0,-0.0,0,0.0,0.0,1,1
0:44:00,51.47,0.47,0.0,-0.0,0,0.0,0.0,1,1
0:44:00,51.55,0.46,0.0,-0.0,0,0.0,0.0,1,1
0:44:00,51.55,0.46,0.0,-0.0,0,0.0,0.0,1,1
0:44:00,51.6,0.43,0.0,-0.0,0,0.0,0.0,1,1
0:44:00,51.61,0.43,0.0,-0.0,0,0.0,0.0,1,1
0:44:00,51.61,0.43,0.0,-0.0,0,0.0,0.0,1,1
0:44:00,51.63,0.41,0.0,-0.0,0,0.0,0.0,1,1
0:44:00,51.64,0.41,0.0,-0.0,0,0.0,0.0,1,1
0:44:00,51.64,0.41,0.0,-0.0,0,0.0,0.0,1,1
0:44:00,51.64,0.41,0.0,-0.0,0,0.0,0.0,1,1
0:44:00,51.64,0.41,0.0,-0.0,0,0.0,0.0,1,1
0:44:00,51.63,0.41,0.0,-0.0,0,0.0,0.0,1,1
0:44:00,51.63,0.41,0.0,-0.0,0,0.0,0.0,1,1
0:44:01,51.62,0.41,0.0,-0.0,0,0.0,0.0,1,1
0:44:01,51.61,0.41,0.0,-0.0,0,0.0,0.0,1,1
0:44:01,51.61,0.41,0.0,-0.0,0,0.0,0.0,1,1
0:44:01,51.59,0.41,0.0,-0.0,0,0.0,0.0,1,1
0:44:01,51.59,0.41,0.0,-0.0,0,0.0,0.0,1,1
0:44:01,51.56,0.4,0.0,-0.0,0,0.0,0.0,1,1
0:44:01,51.56,0.4,0.0,-0.0,0,0.0,0.0,1,1
0:44:01,51.53,0.4,0.0,-0.0,0,0.0,0.0,1,1
0:44:01,51.53,0.4,0.0,-0.0,0,0.0,0.0,1,1
0:44:01,51.52,0.4,0.0,-0.0,0,0.0,0.0,1,1
0:44:01,51.51,0.4,0.0,-0.0,0,0.0,0.0,1,1
0:44:01,51.49,0.4,0.0,-0.0,0,0.0,0.0,1,1
0:44:01,51.46,0.4,0.0,-0.0,0,0.0,0.0,1,1
0:44:01,51.46,0.4,0.0,-0.0,0,0.0,0.0,1,1
0:44:01,51.43,0.4,0.0,-0.0,0,0.0,0.0,1,1
0:44:01,51.41,0.4,0.0,-0.0,0,0.0,0.0,1,1
0:44:01,51.39,0.4,0.0,-0.0,0,0.0,0.0,1,1
0:44:01,51.35,0.4,0.0,-0.0,0,0.0,0.0,1,1
0:44:01,51.33,0.4,0.0,0.02,0,0.0,0.0,1,1
0:44:01,51.31,0.4,0.0,0.02,0,0.0,0.0,1,1
0:44:01,51.3,0.4,0.0,0.02,0,0.0,0.0,1,1
0:44:01,51.28,0.4,0.0,0.02,0,0.0,0.0,1,1
0:44:01,51.28,0.4,0.0,0.02,0,0.0,0.0,1,1
0:44:01,51.24,0.4,0.0,0.02,0,0.0,0.0,1,1
0:44:01,51.24,0.4,0.0,0.02,0,0.0,0.0,1,1
0:44:01,51.21,0.4,0.0,0.02,0,0.0,0.0,1,1
0:44:01,51.19,0.4,0.0,0.02,0,0.0,0.0,1,1
0:44:01,51.17,0.4,0.0,0.02,0,0.0,0.0,1,1
0:44:01,51.15,0.4,0.0,0.03,0,0.0,0.0,1,1
0:44:01,51.14,0.4,0.0,0.03,0,0.0,0.0,1,1
0:44:01,51.11,0.4,0.0,0.03,0,0.0,0.0,1,1
0:44:01,51.09,0.4,0.0,0.03,0,0.0,0.0,1,1
0:44:01,51.08,0.4,0.0,0.03,0,0.0,0.0,1,1
0:44:01,51.06,0.4,0.0,0.03,0,0.0,0.0,1,1
0:44:01,51.04,0.4,0.0,0.04,0,0.0,0.0,1,1
0:44:01,51.02,0.4,0.0,0.04,0,0.0,0.0,1,1
0:44:01,51.0,0.4,0.0,0.04,0,0.0,0.0,1,1
0:44:01,50.98,0.43,0.0,0.04,0,0.0,0.0,1,1
0:44:01,50.98,0.43,0.0,0.04,0,0.0,0.0,1,1
0:44:01,50.95,0.44,0.0,0.04,0,0.0,0.0,1,1
0:44:01,50.92,0.46,0.0,0.04,0,0.0,0.0,1,1
0:44:01,50.92,0.46,0.0,0.04,0,0.0,0.0,1,1
0:44:01,50.91,0.47,0.0,0.04,0,0.0,0.0,1,1
0:44:01,50.9,0.48,0.0,0.04,0,0.0,0.0,1,1
0:44:01,50.9,0.5,0.0,0.04,0,0.0,0.0,1,1
0:44:01,50.9,0.52,0.0,0.04,0,0.0,0.0,1,1
0:44:01,50.9,0.53,0.0,0.05,0,0.0,0.0,1,1
0:44:01,50.9,0.55,0.0,0.05,0,0.0,0.0,1,1
0:44:01,50.92,0.56,0.0,0.05,0,0.0,0.0,1,1
0:44:01,50.92,0.56,0.0,0.05,0,0.0,0.0,1,1
0:44:01,50.93,0.57,0.0,0.05,0,0.0,0.0,1,1
0:44:01,50.96,0.58,0.0,0.05,0,0.0,0.0,1,1
0:44:01,50.96,0.58,0.0,0.05,0,0.0,0.0,1,1
0:44:02,51.01,0.59,0.0,0.06,0,0.0,0.0,1,1
0:44:02,51.01,0.59,0.0,0.06,0,0.0,0.0,1,1
0:44:02,51.06,0.61,0.0,0.06,0,0.0,0.0,1,1
0:44:02,51.06,0.61,0.0,0.06,0,0.0,0.0,1,1
0:44:02,51.13,0.62,0.0,0.06,0,0.0,0.0,1,1
0:44:02,51.16,0.62,0.0,0.06,0,0.0,0.0,1,1
0:44:02,51.2,0.63,0.0,0.06,0,0.0,0.0,1,1
0:44:02,51.24,0.64,0.0,0.06,0,0.0,0.0,1,1
0:44:02,51.28,0.64,0.0,0.06,0,0.0,0.0,1,1
0:44:02,51.33,0.65,0.0,0.06,0,0.0,0.0,1,1
0:44:02,51.33,0.65,0.0,0.06,0,0.0,0.0,1,1
0:44:02,51.42,0.65,0.0,0.06,0,0.0,0.0,1,1
0:44:02,51.42,0.65,0.0,0.06,0,0.0,0.0,1,1
0:44:02,51.54,0.65,0.0,0.06,0,0.0,0.0,1,1
0:44:02,51.59,0.65,0.0,0.05,0,0.0,0.0,1,1
0:44:02,51.64,0.65,0.0,0.05,0,0.0,0.0,1,1
0:44:02,51.7,0.65,0.0,0.05,0,0.0,0.0,1,1
0:44:02,51.75,0.65,0.0,0.04,0,0.0,0.0,1,1
0:44:02,51.82,0.65,0.0,0.04,0,0.0,0.0,1,1
0:44:02,51.88,0.65,0.0,0.04,0,0.0,0.0,1,1
0:44:02,51.99,0.65,0.0,0.04,0,0.0,0.0,1,1
0:44:02,51.99,0.65,0.0,0.04,0,0.0,0.0,1,1
0:44:02,52.11,0.65,0.0,0.03,0,0.0,0.0,1,1
0:44:02,52.17,0.65,0.0,0.03,0,0.0,0.0,1,1
0:44:02,52.23,0.65,0.0,0.03,0,0.0,0.0,1,1
0:44:02,52.3,0.65,0.0,0.02,0,0.0,0.0,1,1
0:44:02,52.35,0.65,0.0,0.02,0,0.0,0.0,1,1
0:44:02,52.41,0.63,0.0,0.02,0,0.0,0.0,1,1
0:44:02,52.48,0.63,0.0,0.02,0,0.0,0.0,1,1
0:44:02,52.54,0.63,0.0,0.01,0,0.0,0.0,1,1
0:44:02,52.6,0.62,0.0,0.01,0,0.0,0.0,1,1
0:44:02,52.65,0.62,0.0,0.01,0,0.0,0.0,1,1
0:44:02,52.71,0.61,0.0,0.01,0,0.0,0.0,1,1
0:44:02,52.81,0.61,0.0,0.0,0,0.0,0.0,1,1
0:44:02,52.81,0.61,0.0,0.0,0,0.0,0.0,1,1
0:44:02,52.91,0.6,0.0,-0.01,0,0.0,0.0,1,1
0:44:02,52.96,0.6,0.0,-0.01,0,0.0,0.0,1,1
0:44:02,53.05,0.6,0.0,-0.01,0,0.0,0.0,1,1
0:44:02,53.05,0.6,0.0,-0.01,0,0.0,0.0,1,1
0:44:02,53.1,0.6,0.0,-0.01,0,0.0,0.0,1,1
0:44:02,53.19,0.6,0.0,-0.01,0,0.0,0.0,1,1
0:44:02,53.19,0.6,0.0,-0.01,0,0.0,0.0,1,1
0:44:02,53.24,0.6,0.0,-0.02,0,0.0,0.0,1,1
0:44:02,53.29,0.6,0.0,-0.02,0,0.0,0.0,1,1
0:44:02,53.34,0.6,0.0,-0.02,0,0.0,0.0,1,1
0:44:02,53.38,0.6,0.0,-0.02,0,0.0,0.0,1,1
0:44:02,53.46,0.6,0.0,-0.02,0,0.0,0.0,1,1
0:44:02,53.46,0.6,0.0,-0.02,0,0.0,0.0,1,1
0:44:02,53.54,0.6,0.0,-0.02,0,0.0,0.0,1,1
0:44:02,53.59,0.6,0.0,-0.02,0,0.0,0.0,1,1
0:44:02,53.62,0.6,0.0,-0.03,0,0.0,0.0,1,1
0:44:02,53.67,0.6,0.0,-0.03,0,0.0,0.0,1,1
0:44:03,53.71,0.6,0.0,-0.03,0,0.0,0.0,1,1
0:44:03,53.75,0.6,0.0,-0.03,0,0.0,0.0,1,1
0:44:03,53.79,0.6,0.0,-0.03,0,0.0,0.0,1,1
0:44:03,53.83,0.6,0.0,-0.03,0,0.0,0.0,1,1
0:44:03,53.91,0.6,0.0,-0.03,0,0.0,0.0,1,1
0:44:03,53.95,0.6,0.0,-0.03,0,0.0,0.0,1,1
0:44:03,53.99,0.6,0.0,-0.03,0,0.0,0.0,1,1
0:44:03,53.99,0.6,0.0,-0.03,0,0.0,0.0,1,1
0:44:03,54.07,0.6,0.0,-0.04,0,0.0,0.0,1,1
0:44:03,54.11,0.6,0.0,-0.04,0,0.0,0.0,1,1
0:44:03,54.15,0.6,0.0,-0.04,0,0.0,0.0,1,1
0:44:03,54.19,0.6,0.0,-0.04,0,0.0,0.0,1,1
0:44:03,54.23,0.59,0.0,-0.04,0,0.0,0.0,1,1
0:44:03,54.27,0.57,0.0,-0.04,0,0.0,0.0,1,1
0:44:03,54.34,0.56,0.0,-0.04,0,0.0,0.0,1,1
0:44:03,54.36,0.56,0.0,-0.04,0,0.0,0.0,1,1
0:44:03,54.4,0.54,0.0,-0.03,0,0.0,0.0,1,1
0:44:03,54.43,0.53,0.0,-0.03,0,0.0,0.0,1,1
0:44:03,54.46,0.52,0.0,-0.03,0,0.0,0.0,1,1
0:44:03,54.49,0.48,0.0,-0.03,0,0.0,0.0,1,1
0:44:03,54.51,0.46,0.0,-0.02,0,0.0,0.0,1,1
0:44:03,54.52,0.41,0.0,-0.02,0,0.0,0.0,1,1
0:44:03,54.53,0.4,0.0,-0.02,0,0.0,0.0,1,1
0:44:03,54.53,0.36,0.0,-0.01,0,0.0,0.0,1,1
0:44:03,54.53,0.35,0.0,-0.0,0,0.0,0.0,1,1
0:44:03,54.52,0.31,0.0,0.0,0,0.0,0.0,1,1
0:44:03,54.5,0.29,0.0,0.0,0,0.0,0.0,1,1
0:44:03,54.47,0.27,0.0,0.01,0,0.0,0.0,1,1
0:44:03,54.44,0.26,0.0,0.01,0,0.0,0.0,1,1
0:44:03,54.4,0.24,0.0,0.01,0,0.0,0.0,1,1
0:44:03,54.31,0.24,0.0,0.01,0,0.0,0.0,1,1
0:44:03,54.31,0.24,0.0,0.01,0,0.0,0.0,1,1
0:44:03,54.2,0.23,0.0,0.01,1,0.0,0.0,1,1
0:44:03,54.2,0.23,0.0,0.01,1,0.0,0.0,1,1
0:44:03,54.08,0.22,0.0,0.02,1,0.0,0.0,1,1
0:44:03,54.01,0.22,0.0,0.02,1,0.0,0.0,1,1
0:44:03,53.94,0.22,0.0,0.02,1,0.0,0.0,1,1
0:44:03,53.87,0.22,0.0,0.03,1,0.0,0.0,1,1
0:44:03,53.78,0.22,0.0,0.03,1,0.0,0.0,1,1
0:44:03,53.71,0.21,0.0,0.03,1,0.0,0.0,1,1
0:44:03,53.63,0.21,0.0,0.04,1,0.0,0.0,1,1
0:44:03,53.57,0.21,0.0,0.04,1,0.0,0.0,1,1
0:44:03,53.47,0.2,0.0,0.04,1,0.0,0.0,1,1
0:44:03,53.41,0.2,0.0,0.04,1,0.0,0.0,1,1
0:44:03,53.25,0.2,0.0,0.05,1,0.0,0.0,1,1
0:44:03,53.25,0.2,0.0,0.05,1,0.0,0.0,1,1
0:44:03,53.07,0.19,0.0,0.05,1,0.0,0.0,1,1
0:44:03,53.07,0.19,0.0,0.05,1,0.0,0.0,1,1
0:44:03,52.91,0.18,0.0,0.06,1,0.0,0.0,1,1
0:44:03,52.81,0.17,0.0,0.06,1,0.0,0.0,1,1
0:44:03,52.71,0.17,0.0,0.06,1,0.0,0.0,1,1
0:44:04,52.61,0.17,0.0,0.07,1,0.0,0.0,1,1
0:44:04,52.51,0.16,0.0,0.07,1,0.0,0.0,1,1
0:44:04,52.41,0.16,0.0,0.07,1,0.0,0.0,1,1
0:44:04,52.31,0.16,0.0,0.07,1,0.0,0.0,1,1
0:44:04,52.21,0.15,0.0,0.07,1,0.0,0.0,1,1
0:44:04,52.1,0.15,0.0,0.07,1,0.0,0.0,1,1
0:44:04,52.0,0.15,0.0,0.07,1,0.0,0.0,1,1
0:44:04,51.9,0.15,0.0,0.07,1,0.0,0.0,1,1
0:44:04,51.79,0.15,0.0,0.08,1,0.0,0.0,1,1
0:44:04,51.69,0.15,0.0,0.08,1,0.0,0.0,1,1
0:44:04,51.57,0.15,0.0,0.08,1,0.0,0.0,1,1
0:44:04,51.47,0.15,0.0,0.08,1,0.0,0.0,1,1
0:44:04,51.35,0.15,0.0,0.08,1,0.0,0.0,1,1
0:44:04,51.26,0.15,0.0,0.08,0,0.0,0.0,1,1
0:44:04,51.14,0.15,0.0,0.08,0,0.0,0.0,1,1
0:44:04,51.05,0.15,0.0,0.08,0,0.0,0.0,1,1
0:44:04,50.94,0.15,0.0,0.08,0,0.0,0.0,1,1
0:44:04,50.84,0.15,0.0,0.08,0,0.0,0.0,1,1
0:44:04,50.73,0.15,0.0,0.08,0,0.0,0.0,1,1
0:44:04,50.62,0.15,0.0,0.09,0,0.0,0.0,1,1
0:44:04,50.51,0.15,0.0,0.09,0,0.0,0.0,1,1
0:44:04,50.39,0.15,0.0,0.09,0,0.0,0.0,1,1
0:44:04,50.31,0.15,0.0,0.09,0,0.0,0.0,1,1
0:44:04,50.19,0.15,0.0,0.09,0,0.0,0.0,1,1
0:44:04,50.09,0.15,0.0,0.09,0,0.0,0.0,1,1
0:44:04,49.89,0.15,0.0,0.09,0,0.0,0.0,1,1
0:44:04,49.89,0.15,0.0,0.09,0,0.0,0.0,1,1
0:44:04,49.67,0.15,0.0,0.09,0,0.0,0.0,1,1
0:44:04,49.67,0.15,0.0,0.09,0,0.0,0.0,1,1
0:44:04,49.45,0.15,0.0,0.09,0,0.0,0.0,1,1
0:44:04,49.36,0.15,0.0,0.09,0,0.0,0.0,1,1
0:44:04,49.24,0.15,0.0,0.09,0,0.0,0.0,1,1
0:44:04,49.15,0.15,0.0,0.09,0,0.0,0.0,1,1
0:44:04,49.02,0.15,0.0,0.09,0,0.0,0.0,1,1
0:44:04,48.93,0.15,0.0,0.09,0,0.0,0.0,1,1
0:44:04,48.73,0.15,0.0,0.09,0,0.0,0.0,1,1
0:44:04,48.73,0.15,0.0,0.09,0,0.0,0.0,1,1
0:44:04,48.63,0.15,0.0,0.09,0,0.0,0.0,1,1
0:44:04,48.53,0.15,0.0,0.09,0,0.0,0.0,1,1
0:44:04,48.41,0.15,0.0,0.09,0,0.0,0.0,1,1
0:44:04,48.31,0.15,0.0,0.09,0,0.0,0.0,1,1
0:44:04,48.2,0.14,0.0,0.09,0,0.0,0.0,1,1
0:44:04,48.2,0.14,0.0,0.09,0,0.0,0.0,1,1
0:44:04,48.2,0.14,0.0,0.09,0,0.0,0.0,1,1
0:44:04,48.2,0.14,0.0,0.09,0,0.0,0.0,1,1
0:44:04,48.2,0.14,0.0,0.09,0,0.0,0.0,1,1
0:44:04,48.2,0.14,0.0,0.09,0,0.0,0.0,1,1
0:44:04,48.2,0.14,0.0,0.09,0,0.0,0.0,1,1
0:44:04,47.45,0.0,0.0,0.09,0,0.0,0.0,1,1
0:44:04,47.27,0.0,0.0,0.09,0,0.0,0.0,1,1
0:44:04,47.27,0.0,0.0,0.09,0,0.0,0.0,1,1
0:44:04,46.99,0.0,0.0,0.09,0,0.0,0.0,1,1
0:44:04,46.88,0.0,0.0,0.09,0,0.0,0.0,1,1
0:44:04,46.75,0.0,0.0,0.09,0,0.0,0.0,1,1
0:44:05,46.63,0.0,0.0,0.09,0,0.0,0.0,1,1
0:44:05,46.49,0.0,0.0,0.09,0,0.0,0.0,1,1
0:44:05,46.35,0.0,0.0,0.09,0,0.0,0.0,1,1
0:44:05,46.23,0.0,0.0,0.09,0,0.0,0.0,1,1
0:44:05,46.11,0.0,0.0,0.09,0,0.0,0.0,1,1
0:44:05,45.97,0.0,0.0,0.09,0,0.0,0.0,1,1
0:44:05,45.85,0.0,0.0,0.09,0,0.0,0.0,1,1
0:44:05,45.7,0.0,0.0,0.09,0,0.0,0.0,1,1
0:44:05,45.57,0.0,0.0,0.09,0,0.0,0.0,1,1
0:44:05,45.42,0.0,0.0,0.09,0,0.0,0.0,1,1
0:44:05,45.26,0.0,0.0,0.09,0,0.0,0.0,1,1
0:44:05,45.13,0.0,0.0,0.09,0,0.0,0.0,1,1
0:44:05,45.0,0.0,0.0,0.09,0,0.0,0.0,1,1
0:44:05,44.88,0.0,0.0,0.09,0,0.0,0.0,1,1
0:44:05,44.73,0.0,0.0,0.09,0,0.0,0.0,1,1
0:44:05,44.73,0.0,0.0,0.09,0,0.0,0.0,1,1
0:44:05,44.48,0.0,0.0,0.09,0,0.0,0.0,1,1
0:44:05,44.35,0.0,0.0,0.09,0,0.0,0.0,1,1
0:44:05,44.22,0.0,0.0,0.09,0,0.0,0.0,1,1
0:44:05,44.09,0.0,0.0,0.09,0,0.0,0.0,1,1
0:44:05,43.97,0.0,0.0,0.09,0,0.0,0.0,1,1
0:44:05,43.83,0.0,0.0,0.09,0,0.0,0.0,1,1
0:44:05,43.71,0.0,0.0,0.09,0,0.0,0.0,1,1
0:44:05,43.47,0.0,0.0,0.09,0,0.0,0.0,1,1
0:44:05,43.47,0.0,0.0,0.09,0,0.0,0.0,1,1
0:44:05,43.22,0.0,0.0,0.09,0,0.0,0.0,1,1
0:44:05,43.08,0.0,0.0,0.09,0,0.0,0.0,1,1
0:44:05,42.96,0.0,0.0,0.09,0,0.0,0.0,1,1
0:44:05,42.96,0.0,0.0,0.09,0,0.0,0.0,1,1
0:44:05,42.68,0.0,0.0,0.09,0,0.0,0.0,1,1
0:44:05,42.57,0.0,0.0,0.09,0,0.0,0.0,1,1
0:44:05,42.57,0.0,0.0,0.09,0,0.0,0.0,1,1
0:44:05,42.32,0.0,0.0,0.09,0,0.0,0.0,1,1
0:44:05,42.19,0.0,0.0,0.09,0,0.0,0.0,1,1
0:44:05,42.07,0.0,0.0,0.09,0,0.0,0.0,1,1
0:44:05,41.93,0.0,0.0,0.09,0,0.0,0.0,1,1
0:44:05,41.8,0.0,0.0,0.09,0,0.0,0.0,1,1
0:44:05,41.7,0.0,0.0,0.09,1,0.0,0.0,1,1
0:44:05,41.46,0.0,0.0,0.09,1,0.0,0.0,1,1
0:44:05,41.46,0.0,0.0,0.09,1,0.0,0.0,1,1
0:44:05,41.22,0.0,0.0,0.09,1,0.0,0.0,1,1
0:44:05,41.22,0.0,0.0,0.09,1,0.0,0.0,1,1
0:44:05,41.09,0.0,0.0,0.09,1,0.0,0.0,1,1
0:44:05,40.97,0.0,0.0,0.09,1,0.0,0.0,1,1
0:44:05,40.84,0.0,0.0,0.09,1,0.0,0.0,1,1
0:44:05,40.73,0.0,0.0,0.09,1,0.0,0.0,1,1
0:44:05,40.5,0.0,0.0,0.09,1,0.0,0.0,1,1
0:44:05,40.5,0.0,0.0,0.09,1,0.0,0.0,1,1
0:44:05,40.26,0.0,0.0,0.09,1,0.0,0.0,1,1
0:44:05,40.14,0.0,0.0,0.09,1,0.0,0.0,1,1
0:44:05,40.01,0.0,0.0,0.09,1,0.0,0.0,1,1
0:44:05,40.01,0.0,0.0,0.09,1,0.0,0.0,1,1
0:44:06,39.78,0.0,0.0,0.09,1,0.0,0.0,1,1
0:44:06,39.64,0.0,0.0,0.09,1,0.0,0.0,1,1
0:44:06,39.54,0.0,0.0,0.09,1,0.0,0.0,1,1
0:44:06,39.41,0.0,0.0,0.09,1,0.0,0.0,1,1
0:44:06,39.41,0.0,0.0,0.09,1,0.0,0.0,1,1
0:44:06,39.16,0.0,0.0,0.09,1,0.0,0.0,1,1
0:44:06,39.05,0.0,0.0,0.09,1,0.0,0.0,1,1
0:44:06,38.94,0.0,0.0,0.09,1,0.0,0.0,1,1
0:44:06,38.81,0.0,0.0,0.09,1,0.0,0.0,1,1
0:44:06,38.69,0.0,0.0,0.09,1,0.0,0.0,1,1
0:44:06,38.56,0.0,0.0,0.09,1,0.0,0.0,1,1
0:44:06,38.56,0.0,0.0,0.09,1,0.0,0.0,1,1
0:44:06,38.33,0.0,0.0,0.09,1,0.0,0.0,1,1
0:44:06,38.33,0.0,0.0,0.09,1,0.0,0.0,1,1
0:44:06,38.2,0.0,0.0,0.09,1,0.0,0.0,1,1
0:44:06,38.09,0.0,0.0,0.09,1,0.0,0.0,1,1
0:44:06,37.96,0.0,0.0,0.09,1,0.0,0.0,1,1
0:44:06,37.76,0.0,0.0,0.09,1,0.0,0.0,1,1
0:44:06,37.76,0.0,0.0,0.09,1,0.0,0.0,1,1
0:44:06,37.63,0.0,0.0,0.09,1,0.0,0.0,1,1
0:44:06,37.51,0.0,0.0,0.09,1,0.0,0.0,1,1
0:44:06,37.39,0.0,0.0,0.09,1,0.0,0.0,1,1
0:44:06,37.39,0.0,0.0,0.09,1,0.0,0.0,1,1
0:44:06,37.26,0.0,0.0,0.09,1,0.0,0.0,1,1
0:44:06,37.16,0.0,0.0,0.09,1,0.0,0.0,1,1
0:44:06,37.05,0.0,0.0,0.09,1,0.0,0.0,1,1
0:44:06,36.93,0.0,0.0,0.09,1,0.0,0.0,1,1
0:44:06,36.83,0.0,0.0,0.09,1,0.0,0.0,1,1
0:44:06,36.71,0.0,0.0,0.09,1,0.0,0.0,1,1
0:44:06,36.41,0.0,0.0,0.09,1,0.0,0.0,1,1
0:44:06,36.3,0.0,0.0,0.09,0,0.0,0.0,1,1
0:44:06,36.18,0.0,0.0,0.09,0,0.0,0.0,1,1
0:44:06,36.18,0.0,0.0,0.09,0,0.0,0.0,1,1
0:44:06,36.06,0.0,0.0,0.09,0,0.0,0.0,1,1
0:44:06,35.96,0.0,0.0,0.09,0,0.0,0.0,1,1
0:44:06,35.84,0.0,0.0,0.09,0,0.0,0.0,1,1
0:44:06,35.73,0.0,0.0,0.09,0,0.0,0.0,1,1
0:44:06,35.59,0.0,0.0,0.09,0,0.0,0.0,1,1
0:44:06,35.59,0.0,0.0,0.09,0,0.0,0.0,1,1
0:44:06,35.38,0.0,0.0,0.09,0,0.0,0.0,1,1
0:44:06,35.38,0.0,0.0,0.09,0,0.0,0.0,1,1
0:44:06,35.17,0.0,0.0,0.09,0,0.0,0.0,1,1
0:44:06,35.17,0.0,0.0,0.09,0,0.0,0.0,1,1
0:44:06,34.92,0.0,0.0,0.09,0,0.0,0.0,1,1
0:44:06,34.92,0.0,0.0,0.09,0,0.0,0.0,1,1
0:44:06,34.72,0.0,0.0,0.09,0,0.0,0.0,1,1
0:44:06,34.72,0.0,0.0,0.09,0,0.0,0.0,1,1
0:44:06,34.61,0.0,0.0,0.09,0,0.0,0.0,1,1
0:44:06,34.52,0.0,0.0,0.09,0,0.0,0.0,1,1
0:44:06,34.4,0.0,0.0,0.09,0,0.0,0.0,1,1
0:44:06,34.3,0.0,0.0,0.09,0,0.0,0.0,1,1
0:44:06,34.16,0.0,0.0,0.09,0,0.0,0.0,1,1
0:44:06,34.16,0.0,0.0,0.09,0,0.0,0.0,1,1
0:44:07,34.07,0.0,0.0,0.09,0,0.0,0.0,1,1
0:44:07,33.94,0.0,0.0,0.09,0,0.0,0.0,1,1
0:44:07,33.84,0.0,0.0,0.09,0,0.0,0.0,1,1
0:44:07,33.76,0.0,0.0,0.09,0,0.0,0.0,1,1
0:44:07,33.59,0.0,0.0,0.09,0,0.0,0.0,1,1
0:44:07,33.53,0.0,0.0,0.09,0,0.0,0.0,1,1
0:44:07,33.53,0.0,0.0,0.09,0,0.0,0.0,1,1
0:44:07,33.25,0.0,0.0,0.08,0,0.0,0.0,1,1
0:44:07,33.25,0.0,0.0,0.08,0,0.0,0.0,1,1
0:44:07,33.22,0.0,0.0,0.08,0,0.0,0.0,1,1
0:44:07,33.14,0.0,0.0,0.08,0,0.0,0.0,1,1
0:44:07,32.9,0.0,0.0,0.08,0,0.0,0.0,1,1
0:44:07,32.88,0.01,0.0,0.08,0,0.0,0.0,1,1
0:44:07,32.72,0.05,0.0,0.08,0,0.0,0.0,1,1
0:44:07,32.72,0.05,0.0,0.08,0,0.0,0.0,1,1
0:44:07,32.72,0.05,0.0,0.08,0,0.0,0.0,1,1
0:44:07,9.59,0.28,0.0,0.08,0,0.0,0.0,1,1
0:44:07,8.64,0.34,0.0,0.08,0,0.0,0.0,1,1
0:44:07,7.24,0.38,0.0,0.08,0,0.0,0.0,1,1
0:44:07,6.23,0.42,0.0,0.08,0,0.0,0.0,1,1
0:44:07,5.53,0.43,0.0,0.08,0,0.0,0.0,1,1
0:44:07,4.63,0.45,0.0,0.08,0,0.0,0.0,1,1
0:44:07,3.81,0.48,0.0,0.07,0,0.0,0.0,1,1
0:44:07,3.81,0.48,0.0,0.07,0,0.0,0.0,1,1
0:44:07,2.33,0.55,0.0,0.07,0,0.0,0.0,1,1
0:44:07,2.33,0.55,0.0,0.07,0,0.0,0.0,1,1
0:44:07,1.3,0.57,0.0,0.07,0,0.0,0.0,1,1
0:44:07,1.3,0.57,0.0,0.07,0,0.0,0.0,1,1
0:44:07,1.02,0.62,0.0,0.07,0,0.0,0.0,1,1
0:44:07,1.02,0.62,0.0,0.07,0,0.0,0.0,1,1
0:44:07,0.76,0.64,0.0,0.07,0,0.0,0.0,1,1
0:44:07,0.57,0.65,0.0,0.07,0,0.0,0.0,1,1
0:44:07,0.59,0.66,0.0,0.07,0,0.0,0.0,1,1
0:44:07,0.13,0.67,0.0,0.07,0,0.0,0.0,1,1
0:44:07,0.11,0.67,0.0,0.07,0,0.0,0.0,1,1
0:44:07,0.13,0.68,0.0,0.07,0,0.0,0.0,1,1
0:44:07,0.13,0.68,0.0,0.07,0,0.0,0.0,1,1
0:44:07,0.41,0.69,0.0,0.06,0,0.0,0.0,1,1
0:44:07,0.41,0.69,0.0,0.06,0,0.0,0.0,1,1
0:44:07,0.71,0.72,0.0,0.06,0,0.0,0.0,1,1
0:44:07,0.71,0.72,0.0,0.06,0,0.0,0.0,1,1
0:44:07,1.09,0.73,0.0,0.06,0,0.0,0.0,1,1
0:44:07,1.25,0.75,0.0,0.06,0,0.0,0.0,1,1
0:44:07,1.25,0.75,0.0,0.06,0,0.0,0.0,1,1
0:44:07,1.51,0.76,0.0,0.06,0,0.0,0.0,1,1
0:44:07,1.57,0.76,0.0,0.06,0,0.0,0.0,1,1
0:44:07,1.89,0.76,0.0,0.06,0,0.0,0.0,1,1
0:44:07,2.09,0.77,0.0,0.06,0,0.0,0.0,1,1
0:44:07,2.19,0.77,0.0,0.06,0,0.0,0.0,1,1
0:44:07,2.25,0.77,0.0,0.06,0,0.0,0.0,1,1
0:44:08,2.46,0.77,0.0,0.06,0,0.0,0.0,1,1
0:44:08,2.46,0.77,0.0,0.06,0,0.0,0.0,1,1
0:44:08,2.85,0.78,0.0,0.06,0,0.0,0.0,1,1
0:44:08,2.97,0.78,0.0,0.06,0,0.0,0.0,1,1
0:44:08,3.1,0.78,0.0,0.06,0,0.0,0.0,1,1
0:44:08,3.25,0.78,0.0,0.06,0,0.0,0.0,1,1
0:44:08,3.48,0.78,0.0,0.06,0,0.0,0.0,1,1
0:44:08,3.63,0.78,0.0,0.06,0,0.0,0.0,1,1
0:44:08,3.75,0.78,0.0,0.06,0,0.0,0.0,1,1
0:44:08,3.9,0.78,0.0,0.06,0,0.0,0.0,1,1
0:44:08,4.07,0.78,0.0,0.06,0,0.0,0.0,1,1
0:44:08,1.09,0.78,0.0,0.06,0,0.0,0.0,1,1
0:44:08,0.56,0.78,0.0,0.06,0,0.0,0.0,1,1
0:44:08,0.25,0.76,0.0,0.06,0,0.0,0.0,1,1
0:44:08,0.25,0.76,0.0,0.06,0,0.0,0.0,1,1
0:44:08,0.15,0.75,0.0,0.05,0,0.0,0.0,1,1
0:44:08,0.11,0.74,0.0,0.05,0,0.0,0.0,1,1
0:44:08,0.07,0.71,0.0,0.05,0,0.0,0.0,1,1
0:44:08,0.07,0.71,0.0,0.05,0,0.0,0.0,1,1
0:44:08,0.06,0.7,0.0,0.05,0,0.0,0.0,1,1
0:44:08,0.04,0.66,0.0,0.04,0,0.0,0.0,1,1
0:44:08,0.12,0.64,0.0,0.04,0,0.0,0.0,1,1
0:44:08,0.07,0.63,0.0,0.04,0,0.0,0.0,1,1
0:44:08,0.08,0.6,0.0,0.03,0,0.0,0.0,1,1
0:44:08,0.08,0.6,0.0,0.03,0,0.0,0.0,1,1
0:44:08,0.2,0.55,0.0,0.03,0,0.0,0.0,1,1
0:44:08,0.2,0.55,0.0,0.03,0,0.0,0.0,1,1
0:44:08,0.1,0.51,0.0,0.02,0,0.0,0.0,1,1
0:44:08,0.07,0.45,0.0,0.02,0,0.0,0.0,1,1
0:44:08,0.07,0.45,0.0,0.02,0,0.0,0.0,1,1
0:44:08,0.19,0.4,0.0,0.01,0,0.0,0.0,1,1
0:44:08,0.19,0.4,0.0,0.01,0,0.0,0.0,1,1
0:44:08,0.07,0.36,0.0,0.01,0,0.0,0.0,1,1
0:44:08,0.07,0.36,0.0,0.01,0,0.0,0.0,1,1
0:44:08,0.16,0.33,0.0,0.01,0,0.0,0.0,1,1
0:44:08,0.07,0.32,0.0,0.01,0,0.0,0.0,1,1
0:44:08,0.08,0.3,0.0,0.01,0,0.0,0.0,1,1
0:44:08,0.04,0.28,0.0,0.01,0,0.0,0.0,1,1
0:44:08,0.04,0.28,0.0,0.01,0,0.0,0.0,1,1
0:44:08,0.04,0.25,0.0,0.01,0,0.0,0.0,1,1
0:44:08,0.07,0.24,0.0,0.01,0,0.0,0.0,1,1
0:44:08,0.07,0.24,0.0,0.01,0,0.0,0.0,1,1
0:44:08,0.11,0.24,0.0,0.01,0,0.0,0.0,1,1
0:44:08,0.11,0.24,0.0,0.01,0,0.0,0.0,1,1
0:44:08,0.03,0.24,0.0,0.01,0,0.0,0.0,1,1
0:44:08,0.08,0.24,0.0,0.01,0,0.0,0.0,1,1
0:44:08,0.05,0.24,0.0,0.01,0,0.0,0.0,1,1
0:44:08,0.08,0.24,0.0,0.01,0,0.0,0.0,1,1
0:44:08,0.08,0.24,0.0,0.01,0,0.0,0.0,1,1
0:44:08,0.03,0.24,0.0,0.01,0,0.0,0.0,1,1
0:44:08,0.03,0.24,0.0,0.01,0,0.0,0.0,1,1
0:44:08,0.07,0.24,0.0,0.01,0,0.0,0.0,1,1
0:44:09,0.02,0.24,0.0,0.01,0,0.0,0.0,1,1
0:44:09,0.05,0.24,0.0,0.0,0,0.0,0.0,1,1
0:44:09,0.05,0.24,0.0,0.0,0,0.0,0.0,1,1
0:44:09,0.08,0.24,0.0,0.0,0,0.0,0.0,1,1
0:44:09,0.08,0.24,0.0,0.0,0,0.0,0.0,1,1
0:44:09,0.06,0.24,0.0,0.0,0,0.0,0.0,1,1
0:44:09,0.06,0.24,0.0,0.0,0,0.0,0.0,1,1
0:44:09,0.02,0.24,0.0,0.01,0,0.0,0.0,1,1
0:44:09,0.02,0.24,0.0,0.01,0,0.0,0.0,1,1
0:44:09,0.02,0.24,0.0,0.01,0,0.0,0.0,1,1
0:44:09,0.06,0.24,0.0,0.01,0,0.0,0.0,1,1
0:44:09,0.08,0.24,0.0,0.01,0,0.0,0.0,1,1
0:44:09,0.07,0.24,0.0,0.01,0,0.0,0.0,1,1
0:44:09,0.06,0.24,0.0,0.01,0,0.0,0.0,1,1
0:44:09,0.06,0.24,0.0,0.01,0,0.0,0.0,1,1
0:44:09,0.06,0.24,0.0,0.01,0,0.0,0.0,1,1
0:44:09,0.04,0.24,0.0,0.01,0,0.0,0.0,1,1
0:44:09,0.14,0.24,0.0,0.01,0,0.0,0.0,1,1
0:44:09,0.14,0.24,0.0,0.01,0,0.0,0.0,1,1
0:44:09,0.14,0.24,0.0,0.01,0,0.0,0.0,1,1
0:44:09,0.15,0.24,0.0,0.01,0,0.0,0.0,1,1
0:44:09,0.07,0.24,0.0,0.01,0,0.0,0.0,1,1
0:44:09,0.07,0.24,0.0,0.01,0,0.0,0.0,1,1
0:44:09,0.08,0.28,0.0,0.01,0,0.0,0.0,1,1
0:44:09,0.08,0.28,0.0,0.01,0,0.0,0.0,1,1
0:44:09,0.18,0.43,0.0,0.01,0,0.0,0.0,1,1
0:44:09,0.18,0.43,0.0,0.01,0,0.0,0.0,1,1
0:44:09,0.49,0.55,0.0,0.01,0,0.0,0.0,1,1
0:44:09,0.49,0.55,0.0,0.01,0,0.0,0.0,1,1
0:44:09,0.68,0.56,0.0,0.01,0,0.0,0.0,1,1
0:44:09,0.88,0.6,0.0,0.01,0,0.0,0.0,1,1
0:44:09,0.97,0.62,0.0,0.01,0,0.0,0.0,1,1
0:44:09,1.06,0.63,0.0,0.01,0,0.0,0.0,1,1
0:44:09,1.31,0.65,0.0,0.01,0,0.0,0.0,1,1
0:44:09,1.46,0.68,0.0,0.01,0,0.0,0.0,1,1
0:44:09,1.61,0.71,0.0,0.01,0,0.0,0.0,1,1
0:44:09,1.87,0.73,0.0,0.01,0,0.0,0.0,1,1
0:44:09,1.87,0.73,0.0,0.01,0,0.0,0.0,1,1
0:44:09,2.11,0.78,0.0,0.01,0,0.0,0.0,1,1
0:44:09,2.58,0.78,0.0,0.01,0,0.0,0.0,1,1
0:44:09,2.89,0.8,0.0,0.01,0,0.0,0.0,1,1
0:44:09,3.18,0.82,0.0,0.01,0,0.0,0.0,1,1
0:44:09,3.57,0.84,0.0,0.01,0,0.0,0.0,1,1
0:44:09,3.71,0.84,0.0,0.01,0,0.0,0.0,1,1
0:44:09,4.06,0.88,0.0,0.01,0,0.0,0.0,1,1
0:44:09,4.38,0.91,0.0,0.01,0,0.0,0.0,1,1
0:44:09,4.63,0.92,0.0,0.01,0,0.0,0.0,1,1
0:44:09,4.63,0.92,0.0,0.01,0,0.0,0.0,1,1
0:44:09,5.49,0.96,0.0,0.0,0,0.0,0.0,1,1
0:44:09,5.49,0.96,0.0,0.0,0,0.0,0.0,1,1
0:44:09,5.84,0.96,0.0,0.0,0,0.0,0.0,1,1
0:44:09,6.4,0.98,0.0,0.0,0,0.0,0.0,1,1
0:44:09,6.66,0.98,0.0,0.0,0,0.0,0.0,1,1
0:44:09,7.13,1.0,0.0,-0.0,0,0.0,0.0,1,1
0:44:10,7.4,1.0,0.0,-0.0,0,0.0,0.0,1,1
0:44:10,7.97,1.0,0.0,-0.0,0,0.0,0.0,1,1
0:44:10,8.34,1.0,0.0,-0.01,0,0.0,0.0,1,1
0:44:10,9.23,1.0,0.0,-0.01,0,0.0,0.0,1,1
0:44:10,9.23,1.0,0.0,-0.01,0,0.0,0.0,1,1
0:44:10,9.72,1.0,0.0,-0.01,0,0.0,0.0,1,1
0:44:10,10.19,1.0,0.0,-0.01,0,0.0,0.0,1,1
0:44:10,10.59,1.0,0.0,-0.01,0,0.0,0.0,1,1
0:44:10,11.03,1.0,0.0,-0.01,0,0.0,0.0,1,1
0:44:10,11.4,1.0,0.0,-0.02,0,0.0,0.0,1,1
0:44:10,11.81,1.0,0.0,-0.02,0,0.0,0.0,1,1
0:44:10,11.81,1.0,0.0,-0.02,0,0.0,0.0,1,1
0:44:10,12.53,1.0,0.0,-0.02,0,0.0,0.0,1,1
0:44:10,12.53,1.0,0.0,-0.02,0,0.0,0.0,1,1
0:44:10,13.26,1.0,0.0,-0.02,0,0.0,0.0,1,1
0:44:10,13.26,1.0,0.0,-0.02,0,0.0,0.0,1,1
0:44:10,13.96,1.0,0.0,-0.03,0,0.0,0.0,1,1
0:44:10,13.96,1.0,0.0,-0.03,0,0.0,0.0,1,1
0:44:10,14.7,1.0,0.0,-0.03,0,0.0,0.0,1,1
0:44:10,14.7,1.0,0.0,-0.03,0,0.0,0.0,1,1
0:44:10,15.36,1.0,0.0,-0.03,0,0.0,0.0,1,1
0:44:10,15.36,1.0,0.0,-0.03,0,0.0,0.0,1,1
0:44:10,15.76,1.0,0.0,-0.03,0,0.0,0.0,1,1
0:44:10,16.14,1.0,0.0,-0.03,0,0.0,0.0,1,1
0:44:10,16.47,1.0,0.0,-0.04,0,0.0,0.0,1,1
0:44:10,16.84,1.0,0.0,-0.04,0,0.0,0.0,1,1
0:44:10,17.43,1.0,0.0,-0.04,0,0.0,0.0,1,1
0:44:10,17.43,1.0,0.0,-0.04,0,0.0,0.0,1,1
0:44:10,17.82,1.0,0.0,-0.04,0,0.0,0.0,1,1
0:44:10,18.49,1.0,0.0,-0.05,0,0.0,0.0,1,1
0:44:10,18.82,1.0,0.0,-0.05,0,0.0,0.0,1,1
0:44:10,19.17,1.0,0.0,-0.05,0,0.0,0.0,1,1
0:44:10,19.17,1.0,0.0,-0.05,0,0.0,0.0,1,1
0:44:10,19.24,0.99,0.0,-0.06,0,0.0,0.0,1,1
0:44:10,19.24,0.99,0.0,-0.06,0,0.0,0.0,1,1
0:44:10,19.66,0.99,0.0,-0.06,0,0.0,0.0,1,1
0:44:10,19.74,0.99,0.0,-0.06,0,0.0,0.0,1,1
0:44:10,19.87,0.99,0.0,-0.06,0,0.0,0.0,1,1
0:44:10,19.95,0.99,0.0,-0.06,0,0.0,0.0,1,1
0:44:10,20.25,0.99,0.0,-0.07,0,0.0,0.0,1,1
0:44:10,20.35,0.99,0.0,-0.07,0,0.0,0.0,1,1
0:44:10,20.65,0.99,0.0,-0.07,0,0.0,0.0,1,1
0:44:10,21.14,0.99,0.0,-0.07,0,0.0,0.0,1,1
0:44:10,21.39,0.99,0.0,-0.07,0,0.0,0.0,1,1
0:44:10,21.39,0.99,0.0,-0.07,0,0.0,0.0,1,1
0:44:10,21.91,0.99,0.0,-0.07,0,0.0,0.0,1,1
0:44:10,21.91,0.99,0.0,-0.07,0,0.0,0.0,1,1
0:44:10,22.24,0.99,0.0,-0.08,0,0.0,0.0,1,1
0:44:10,22.37,0.99,0.0,-0.08,0,0.0,0.0,1,1
0:44:10,22.48,0.98,0.0,-0.08,0,0.0,0.0,1,1
0:44:10,22.87,0.98,0.0,-0.08,0,0.0,0.0,1,1
0:44:11,23.59,0.97,0.0,-0.08,0,0.0,0.0,1,1
0:44:11,24.11,0.97,0.0,-0.08,0,0.0,0.0,1,1
0:44:11,24.66,0.95,0.0,-0.08,0,0.0,0.0,1,1
0:44:11,25.06,0.94,0.0,-0.09,0,0.0,0.0,1,1
0:44:11,25.06,0.94,0.0,-0.09,0,0.0,0.0,1,1
0:44:11,25.34,0.94,0.0,-0.09,0,0.0,0.0,1,1
0:44:11,25.47,0.93,0.0,-0.09,0,0.0,0.0,1,1
0:44:11,25.81,0.93,0.0,-0.09,0,0.0,0.0,1,1
0:44:11,26.11,0.92,0.0,-0.09,0,0.0,0.0,1,1
0:44:11,26.41,0.91,0.0,-0.09,0,0.0,0.0,1,1
0:44:11,26.6,0.91,0.0,-0.09,0,0.0,0.0,1,1
0:44:11,26.6,0.91,0.0,-0.09,0,0.0,0.0,1,1
0:44:11,26.87,0.89,0.0,-0.1,0,0.0,0.0,1,1
0:44:11,27.08,0.89,0.0,-0.1,0,0.0,0.0,1,1
0:44:11,27.37,0.89,0.0,-0.1,0,0.0,0.0,1,1
0:44:11,27.51,0.89,0.0,-0.1,0,0.0,0.0,1,1
0:44:11,27.55,0.88,0.0,-0.1,0,0.0,0.0,1,1
0:44:11,27.62,0.88,0.0,-0.1,0,0.0,0.0,1,1
0:44:11,27.84,0.88,0.0,-0.1,1,0.0,0.0,1,1
0:44:11,27.97,0.87,0.0,-0.11,1,0.0,0.0,1,1
0:44:11,28.02,0.87,0.0,-0.11,1,0.0,0.0,1,1
0:44:11,28.02,0.87,0.0,-0.11,1,0.0,0.0,1,1
0:44:11,28.24,0.85,0.0,-0.11,1,0.0,0.0,1,1
0:44:11,28.4,0.84,0.0,-0.11,1,0.0,0.0,1,1
0:44:11,28.65,0.83,0.0,-0.11,1,0.0,0.0,1,1
0:44:11,28.82,0.81,0.0,-0.11,1,0.0,0.0,1,1
0:44:11,28.85,0.8,0.0,-0.11,1,0.0,0.0,1,1
0:44:11,29.02,0.78,0.0,-0.11,1,0.0,0.0,1,1
0:44:11,29.02,0.78,0.0,-0.11,1,0.0,0.0,1,1
0:44:11,29.06,0.76,0.0,-0.11,1,0.0,0.0,1,1
0:44:11,29.06,0.76,0.0,-0.11,1,0.0,0.0,1,1
0:44:11,29.21,0.73,0.0,-0.11,1,0.0,0.0,1,1
0:44:11,29.21,0.73,0.0,-0.11,1,0.0,0.0,1,1
0:44:11,29.29,0.68,0.0,-0.11,1,0.0,0.0,1,1
0:44:11,29.29,0.68,0.0,-0.11,1,0.0,0.0,1,1
0:44:11,29.35,0.65,0.0,-0.11,1,0.0,0.0,1,1
0:44:11,29.34,0.6,0.0,-0.11,1,0.0,0.0,1,1
0:44:11,29.34,0.6,0.0,-0.11,1,0.0,0.0,1,1
0:44:11,29.32,0.55,0.0,-0.11,1,0.0,0.0,1,1
0:44:11,29.19,0.52,0.0,-0.11,1,0.0,0.0,1,1
0:44:11,29.13,0.47,0.0,-0.11,1,0.0,0.0,1,1
0:44:11,28.97,0.42,0.0,-0.11,1,0.0,0.0,1,1
0:44:11,28.86,0.39,0.0,-0.1,1,0.0,0.0,1,1
0:44:11,28.86,0.39,0.0,-0.1,1,0.0,0.0,1,1
0:44:11,28.63,0.32,0.0,-0.1,1,0.0,0.0,1,1
0:44:11,28.43,0.27,0.0,-0.1,1,0.0,0.0,1,1
0:44:11,28.24,0.25,0.0,-0.1,1,0.0,0.0,1,1
0:44:11,28.03,0.21,0.0,-0.09,1,0.0,0.0,1,1
0:44:11,27.58,0.2,0.0,-0.09,1,0.0,0.0,1,1
0:44:11,27.29,0.2,0.0,-0.09,1,0.0,0.0,1,1
0:44:11,27.01,0.2,0.0,-0.08,1,0.0,0.0,1,1
0:44:11,26.54,0.2,0.0,-0.08,1,0.0,0.0,1,1
0:44:11,26.19,0.2,0.0,-0.08,1,0.0,0.0,1,1
0:44:11,26.19,0.2,0.0,-0.08,1,0.0,0.0,1,1
0:44:12,25.73,0.2,0.0,-0.07,1,0.0,0.0,1,1
0:44:12,25.34,0.2,0.0,-0.07,1,0.0,0.0,1,1
0:44:12,25.03,0.2,0.0,-0.06,1,0.0,0.0,1,1
0:44:12,24.56,0.2,0.0,-0.06,1,0.0,0.0,1,1
0:44:12,23.91,0.2,0.0,-0.06,1,0.0,0.0,1,1
0:44:12,23.91,0.2,0.0,-0.06,1,0.0,0.0,1,1
0:44:12,23.38,0.19,0.0,-0.05,1,0.0,0.0,1,1
0:44:12,23.05,0.11,0.0,-0.05,1,0.0,0.0,1,1
0:44:12,22.75,0.07,0.0,-0.04,1,0.0,0.0,1,1
0:44:12,21.1,0.0,0.0,-0.04,1,0.0,0.0,1,1
0:44:12,20.19,0.0,0.0,-0.04,1,0.0,0.0,1,1
0:44:12,20.19,0.0,0.0,-0.04,1,0.0,0.0,1,1
0:44:12,18.51,0.0,0.0,-0.03,1,0.0,0.0,1,1
0:44:12,17.75,0.0,0.0,-0.03,1,0.0,0.0,1,1
0:44:12,17.13,0.0,0.0,-0.03,1,0.0,0.0,1,1
0:44:12,16.62,0.0,0.0,-0.03,1,0.0,0.0,1,1
0:44:12,16.13,0.0,0.0,-0.03,1,0.0,0.0,1,1
0:44:12,15.81,0.0,0.0,-0.03,1,0.0,0.0,1,1
0:44:12,15.53,0.0,0.0,-0.03,1,0.0,0.0,1,1
0:44:12,15.53,0.0,0.0,-0.03,1,0.0,0.0,1,1
0:44:12,14.94,0.0,0.0,-0.03,1,0.0,0.0,1,1
0:44:12,14.94,0.0,0.0,-0.03,1,0.0,0.0,1,1
0:44:12,14.69,0.0,0.0,-0.03,1,0.0,0.0,1,1
0:44:12,14.43,0.0,0.0,-0.03,1,0.0,0.0,1,1
0:44:12,14.12,0.05,0.0,-0.03,1,0.0,0.0,1,1
0:44:12,13.9,0.11,0.0,-0.03,1,0.0,0.0,1,1
0:44:12,13.65,0.12,0.0,-0.03,1,0.0,0.0,1,1
0:44:12,13.41,0.14,0.0,-0.03,1,0.0,0.0,1,1
0:44:12,13.17,0.15,0.0,-0.03,1,0.0,0.0,1,1
0:44:12,13.17,0.15,0.0,-0.03,1,0.0,0.0,1,1
0:44:12,12.94,0.2,0.0,-0.03,1,0.0,0.0,1,1
0:44:12,12.72,0.27,0.0,-0.03,1,0.0,0.0,1,1
0:44:12,12.46,0.38,0.0,-0.03,1,0.0,0.0,1,1
0:44:12,12.23,0.42,0.0,-0.03,1,0.0,0.0,1,1
0:44:12,12.23,0.42,0.0,-0.03,1,0.0,0.0,1,1
0:44:12,11.99,0.54,0.0,-0.03,1,0.0,0.0,1,1
0:44:12,11.75,0.61,0.0,-0.03,1,0.0,0.0,1,1
0:44:12,11.52,0.62,0.0,-0.03,1,0.0,0.0,1,1
0:44:12,11.33,0.65,0.0,-0.03,1,0.0,0.0,1,1
0:44:12,11.33,0.65,0.0,-0.03,1,0.0,0.0,1,1
0:44:12,11.12,0.71,0.0,-0.03,1,0.0,0.0,1,1
0:44:12,10.91,0.73,0.0,-0.03,1,0.0,0.0,1,1
0:44:12,10.71,0.75,0.0,-0.03,1,0.0,0.0,1,1
0:44:12,10.47,0.76,0.0,-0.03,0,0.0,0.0,1,1
0:44:12,10.29,0.78,0.0,-0.03,0,0.0,0.0,1,1
0:44:12,10.29,0.78,0.0,-0.03,0,0.0,0.0,1,1
0:44:12,10.08,0.81,0.0,-0.03,0,0.0,0.0,1,1
0:44:12,9.89,0.81,0.0,-0.03,0,0.0,0.0,1,1
0:44:12,9.67,0.85,0.0,-0.03,0,0.0,0.0,1,1
0:44:12,9.48,0.86,0.0,-0.03,0,0.0,0.0,1,1
0:44:12,9.48,0.86,0.0,-0.03,0,0.0,0.0,1,1
0:44:12,9.22,0.9,0.0,-0.03,0,0.0,0.0,1,1
0:44:12,9.03,0.92,0.0,-0.03,0,0.0,0.0,1,1
0:44:13,8.82,0.93,0.0,-0.02,0,0.0,0.0,1,1
0:44:13,8.57,0.95,0.0,-0.02,0,0.0,0.0,1,1
0:44:13,8.31,0.97,0.0,-0.02,0,0.0,0.0,1,1
0:44:13,8.31,0.97,0.0,-0.02,0,0.0,0.0,1,1
0:44:13,7.86,1.0,0.0,-0.02,0,0.0,0.0,1,1
0:44:13,7.86,1.0,0.0,-0.02,0,0.0,0.0,1,1
0:44:13,7.58,1.0,0.0,-0.02,0,0.0,0.0,1,1
0:44:13,7.37,1.0,0.0,-0.01,0,0.0,0.0,1,1
0:44:13,7.11,1.0,0.0,-0.01,0,0.0,0.0,1,1
0:44:13,7.11,1.0,0.0,-0.01,0,0.0,0.0,1,1
0:44:13,6.79,1.0,0.0,-0.01,0,0.0,0.0,1,1
0:44:13,6.56,1.0,0.0,-0.01,0,0.0,0.0,1,1
0:44:13,6.3,1.0,0.0,-0.0,0,0.0,0.0,1,1
0:44:13,6.0,1.0,0.0,0.0,0,0.0,0.0,1,1
0:44:13,5.74,1.0,0.0,0.0,0,0.0,0.0,1,1
0:44:13,5.74,1.0,0.0,0.0,0,0.0,0.0,1,1
0:44:13,5.45,1.0,0.0,0.01,0,0.0,0.0,1,1
0:44:13,4.97,1.0,0.0,0.01,0,0.0,0.0,1,1
0:44:13,4.97,1.0,0.0,0.01,0,0.0,0.0,1,1
0:44:13,4.65,1.0,0.0,0.01,0,0.0,0.0,1,1
0:44:13,4.65,1.0,0.0,0.01,0,0.0,0.0,1,1
0:44:13,4.44,1.0,0.0,0.01,0,0.0,0.0,1,1
0:44:13,4.17,1.0,0.0,0.01,0,0.0,0.0,1,1
0:44:13,3.91,1.0,0.0,0.01,0,0.0,0.0,1,1
0:44:13,3.64,1.0,0.0,0.01,0,0.0,0.0,1,1
0:44:13,3.45,1.0,0.0,0.01,0,0.0,0.0,1,1
0:44:13,3.45,1.0,0.0,0.01,0,0.0,0.0,1,1
0:44:13,3.11,1.0,0.0,0.01,0,0.0,0.0,1,1
0:44:13,2.93,1.0,0.0,0.01,0,0.0,0.0,1,1
0:44:13,2.72,1.0,0.0,0.01,0,0.0,0.0,1,1
0:44:13,2.42,1.0,0.0,0.01,0,0.0,0.0,1,1
0:44:13,2.23,1.0,0.0,0.01,0,0.0,0.0,1,1
0:44:13,2.01,1.0,0.0,0.01,0,0.0,0.0,1,1
0:44:13,1.75,1.0,0.0,0.01,0,0.0,0.0,1,1
0:44:13,1.75,1.0,0.0,0.01,0,0.0,0.0,1,1
0:44:13,1.21,1.0,0.0,0.01,0,0.0,0.0,1,1
0:44:13,1.21,1.0,0.0,0.01,0,0.0,0.0,1,1
0:44:13,0.98,1.0,0.0,0.01,0,0.0,0.0,1,1
0:44:13,0.98,1.0,0.0,0.01,0,0.0,0.0,1,1
0:44:13,0.39,1.0,0.0,0.01,0,0.0,0.0,1,1
0:44:13,0.39,1.0,0.0,0.01,0,0.0,0.0,1,1
0:44:13,0.1,1.0,0.0,0.01,0,0.0,0.0,1,1
0:44:13,0.1,1.0,0.0,0.01,0,0.0,0.0,1,1
0:44:13,0.2,1.0,0.0,0.01,0,0.0,0.0,1,1
0:44:13,0.54,1.0,0.0,0.01,0,0.0,0.0,1,1
0:44:13,0.66,1.0,0.0,0.01,0,0.0,0.0,1,1
0:44:13,0.92,1.0,0.0,0.01,0,0.0,0.0,1,1
0:44:13,1.2,1.0,0.0,0.02,0,0.0,0.0,1,1
0:44:13,1.37,1.0,0.0,0.02,0,0.0,0.0,1,1
0:44:13,1.37,1.0,0.0,0.02,0,0.0,0.0,1,1
0:44:13,1.91,1.0,0.0,0.02,0,0.0,0.0,1,1
0:44:13,1.91,1.0,0.0,0.02,0,0.0,0.0,1,1
0:44:13,2.21,1.0,0.0,0.02,0,0.0,0.0,1,1
0:44:13,2.21,1.0,0.0,0.02,0,0.0,0.0,1,1
0:44:14,2.72,1.0,0.0,0.02,0,0.0,0.0,1,1
0:44:14,2.93,1.0,0.0,0.03,0,0.0,0.0,1,1
0:44:14,2.93,1.0,0.0,0.03,0,0.0,0.0,1,1
0:44:14,3.31,1.0,0.0,0.03,0,0.0,0.0,1,1
0:44:14,3.72,1.0,0.0,0.03,0,0.0,0.0,1,1
0:44:14,3.72,1.0,0.0,0.03,0,0.0,0.0,1,1
0:44:14,4.07,1.0,0.0,0.03,0,0.0,0.0,1,1
0:44:14,4.27,1.0,0.0,0.03,0,0.0,0.0,1,1
0:44:14,4.35,1.0,0.0,0.03,0,0.0,0.0,1,1
0:44:14,4.82,1.0,0.0,0.03,0,0.0,0.0,1,1
0:44:14,4.92,1.0,0.0,0.03,0,0.0,0.0,1,1
0:44:14,4.92,1.0,0.0,0.03,0,0.0,0.0,1,1
0:44:14,5.4,1.0,0.0,0.03,0,0.0,0.0,1,1
0:44:14,5.61,1.0,0.0,0.03,0,0.0,0.0,1,1
0:44:14,5.72,1.0,0.0,0.03,0,0.0,0.0,1,1
0:44:14,5.72,1.0,0.0,0.03,0,0.0,0.0,1,1
0:44:14,6.4,1.0,0.0,0.03,0,0.0,0.0,1,1
0:44:14,6.4,1.0,0.0,0.03,0,0.0,0.0,1,1
0:44:14,6.52,1.0,0.0,0.03,0,0.0,0.0,1,1
0:44:14,6.94,1.0,0.0,0.03,0,0.0,0.0,1,1
0:44:14,7.07,1.0,0.0,0.03,0,0.0,0.0,1,1
0:44:14,7.46,1.0,0.0,0.03,0,0.0,0.0,1,1
0:44:14,7.6,1.0,0.0,0.03,0,0.0,0.0,1,1
0:44:14,8.01,1.0,0.0,0.03,0,0.0,0.0,1,1
0:44:14,8.01,1.0,0.0,0.03,0,0.0,0.0,1,1
0:44:14,8.16,1.0,0.0,0.03,0,0.0,0.0,1,1
0:44:14,8.55,1.0,0.0,0.03,0,0.0,0.0,1,1
0:44:14,8.72,1.0,0.0,0.03,0,0.0,0.0,1,1
0:44:14,9.08,1.0,0.0,0.03,0,0.0,0.0,1,1
0:44:14,9.25,1.0,0.0,0.03,0,0.0,0.0,1,1
0:44:14,9.25,1.0,0.0,0.03,0,0.0,0.0,1,1
0:44:14,9.59,1.0,0.0,0.03,0,0.0,0.0,1,1
0:44:14,9.78,1.0,0.0,0.03,0,0.0,0.0,1,1
0:44:14,9.78,1.0,0.0,0.03,0,0.0,0.0,1,1
0:44:14,10.33,1.0,0.0,0.03,0,0.0,0.0,1,1
0:44:14,10.33,1.0,0.0,0.03,0,0.0,0.0,1,1
0:44:14,10.61,1.0,0.0,0.03,0,0.0,0.0,1,1
0:44:14,10.85,1.0,0.0,0.03,0,0.0,0.0,1,1
0:44:14,11.18,1.0,0.0,0.03,1,0.0,0.0,1,1
0:44:14,11.38,1.0,0.0,0.03,1,0.0,0.0,1,1
0:44:14,11.61,1.0,0.0,0.03,1,0.0,0.0,1,1
0:44:14,11.61,1.0,0.0,0.03,1,0.0,0.0,1,1
0:44:14,11.9,1.0,0.0,0.03,1,0.0,0.0,1,1
0:44:14,12.17,1.0,0.0,0.03,1,0.0,0.0,1,1
0:44:14,12.42,1.0,0.0,0.03,1,0.0,0.0,1,1
0:44:14,12.42,1.0,0.0,0.03,1,0.0,0.0,1,1
0:44:14,12.93,1.0,0.0,0.03,1,0.0,0.0,1,1
0:44:14,12.93,1.0,0.0,0.03,1,0.0,0.0,1,1
0:44:14,13.17,1.0,0.0,0.03,1,0.0,0.0,1,1
0:44:14,13.41,1.0,0.0,0.03,1,0.0,0.0,1,1
0:44:14,13.41,1.0,0.0,0.03,1,0.0,0.0,1,1
0:44:14,13.7,1.0,0.0,0.03,1,0.0,0.0,1,1
0:44:14,13.93,1.0,0.0,0.03,1,0.0,0.0,1,1
0:44:15,14.21,1.0,0.0,0.03,1,0.0,0.0,1,1
0:44:15,14.43,1.0,0.0,0.03,1,0.0,0.0,1,1
0:44:15,14.74,1.0,0.0,0.03,1,0.0,0.0,1,1
0:44:15,14.74,1.0,0.0,0.03,1,0.0,0.0,1,1
0:44:15,15.01,1.0,0.0,0.03,1,0.0,0.0,1,1
0:44:15,15.24,1.0,0.0,0.03,1,0.0,0.0,1,1
0:44:15,15.24,1.0,0.0,0.03,1,0.0,0.0,1,1
0:44:15,15.52,1.0,0.0,0.03,1,0.0,0.0,1,1
0:44:15,15.76,1.0,0.0,0.03,1,0.0,0.0,1,1
0:44:15,16.01,1.0,0.0,0.03,1,0.0,0.0,1,1
0:44:15,16.01,1.0,0.0,0.03,1,0.0,0.0,1,1
0:44:15,16.31,1.0,0.0,0.03,1,0.0,0.0,1,1
0:44:15,16.56,1.0,0.0,0.03,1,0.0,0.0,1,1
0:44:15,16.8,1.0,0.0,0.03,1,0.0,0.0,1,1
0:44:15,16.8,1.0,0.0,0.03,1,0.0,0.0,1,1
0:44:15,17.31,1.0,0.0,0.03,1,0.0,0.0,1,1
0:44:15,17.31,1.0,0.0,0.03,1,0.0,0.0,1,1
0:44:15,17.59,1.0,0.0,0.03,1,0.0,0.0,1,1
0:44:15,17.83,1.0,0.0,0.03,1,0.0,0.0,1,1
0:44:15,17.83,1.0,0.0,0.03,1,0.0,0.0,1,1
0:44:15,18.08,1.0,0.0,0.03,1,0.0,0.0,1,1
0:44:15,18.31,1.0,0.0,0.03,1,0.0,0.0,1,1
0:44:15,18.6,1.0,0.0,0.03,1,0.0,0.0,1,1
0:44:15,18.7,1.0,0.0,0.03,1,0.0,0.0,1,1
0:44:15,19.09,1.0,0.0,0.03,1,0.0,0.0,1,1
0:44:15,19.09,1.0,0.0,0.03,1,0.0,0.0,1,1
0:44:15,18.96,1.0,0.0,0.03,1,0.0,0.0,1,1
0:44:15,19.49,1.0,0.0,0.03,1,0.0,0.0,1,1
0:44:15,19.5,1.0,0.0,0.03,1,0.0,0.0,1,1
0:44:15,19.93,1.0,0.0,0.03,1,0.0,0.0,1,1
0:44:15,20.01,1.0,0.0,0.03,1,0.0,0.0,1,1
0:44:15,20.01,1.0,0.0,0.03,1,0.0,0.0,1,1
0:44:15,20.43,1.0,0.0,0.03,1,0.0,0.0,1,1
0:44:15,20.45,1.0,0.0,0.03,1,0.0,0.0,1,1
0:44:15,20.93,1.0,0.0,0.03,1,0.0,0.0,1,1
0:44:15,21.02,1.0,0.0,0.03,1,0.0,0.0,1,1
0:44:15,21.41,1.0,0.0,0.03,1,0.0,0.0,1,1
0:44:15,21.52,1.0,0.0,0.03,1,0.0,0.0,1,1
0:44:15,21.9,1.0,0.0,0.03,1,0.0,0.0,1,1
0:44:15,21.9,1.0,0.0,0.03,1,0.0,0.0,1,1
0:44:15,21.99,1.0,0.0,0.03,1,0.0,0.0,1,1
0:44:15,22.41,1.0,0.0,0.03,1,0.0,0.0,1,1
0:44:15,22.41,1.0,0.0,0.03,1,0.0,0.0,1,1
0:44:15,22.51,1.0,0.0,0.03,1,0.0,0.0,1,1
0:44:15,22.93,1.0,0.0,0.03,1,0.0,0.0,1,1
0:44:15,23.05,1.0,0.0,0.03,1,0.0,0.0,1,1
0:44:15,23.05,1.0,0.0,0.03,1,0.0,0.0,1,1
0:44:15,23.45,1.0,0.0,0.03,1,0.0,0.0,1,1
0:44:15,23.58,1.0,0.0,0.03,1,0.0,0.0,1,1
0:44:15,23.96,1.0,0.0,0.03,1,0.0,0.0,1,1
0:44:15,24.13,1.0,0.0,0.03,1,0.0,0.0,1,1
0:44:15,24.13,1.0,0.0,0.03,1,0.0,0.0,1,1
0:44:15,24.48,1.0,0.0,0.03,1,0.0,0.0,1,1
0:44:15,24.61,1.0,0.0,0.03,1,0.0,0.0,1,1
0:44:15,25.01,1.0,0.0,0.03,1,0.0,0.0,1,1
0:44:15,25.01,1.0,0.0,0.03,1,0.0,0.0,1,1
0:44:16,25.09,1.0,0.0,0.03,1,0.0,0.0,1,1
0:44:16,25.7,1.0,0.0,0.03,1,0.0,0.0,1,1
0:44:16,25.7,1.0,0.0,0.03,1,0.0,0.0,1,1
0:44:16,26.05,1.0,0.0,0.03,1,0.0,0.0,1,1
0:44:16,26.21,1.0,0.0,0.03,1,0.0,0.0,1,1
0:44:16,26.57,1.0,0.0,0.03,1,0.0,0.0,1,1
0:44:16,26.57,1.0,0.0,0.03,1,0.0,0.0,1,1
0:44:16,27.08,1.0,0.0,0.03,1,0.0,0.0,1,1
0:44:16,27.08,1.0,0.0,0.03,1,0.0,0.0,1,1
0:44:16,27.22,1.0,0.0,0.02,1,0.0,0.0,1,1
0:44:16,27.34,1.0,0.0,0.02,1,0.0,0.0,1,1
0:44:16,27.83,1.0,0.0,0.02,1,0.0,0.0,1,1
0:44:16,27.83,1.0,0.0,0.02,1,0.0,0.0,1,1
0:44:16,28.36,1.0,0.0,0.02,1,0.0,0.0,1,1
0:44:16,28.36,1.0,0.0,0.02,1,0.0,0.0,1,1
0:44:16,28.5,1.0,0.0,0.02,0,0.0,0.0,1,1
0:44:16,28.5,1.0,0.0,0.02,0,0.0,0.0,1,1
0:44:16,29.11,1.0,0.0,0.01,0,0.0,0.0,1,1
0:44:16,29.11,1.0,0.0,0.01,0,0.0,0.0,1,1
0:44:16,29.28,1.0,0.0,0.01,0,0.0,0.0,1,1
0:44:16,29.65,1.0,0.0,0.0,0,0.0,0.0,1,1
0:44:16,29.84,1.0,0.0,-0.0,0,0.0,0.0,1,1
0:44:16,29.84,1.0,0.0,-0.0,0,0.0,0.0,1,1
0:44:16,30.39,1.0,0.0,-0.01,0,0.0,0.0,1,1
0:44:16,30.39,1.0,0.0,-0.01,0,0.0,0.0,1,1
0:44:16,30.73,1.0,0.0,-0.01,0,0.0,0.0,1,1
0:44:16,30.73,1.0,0.0,-0.01,0,0.0,0.0,1,1
0:44:16,30.94,1.0,0.0,-0.01,0,0.0,0.0,1,1
0:44:16,31.24,1.0,0.0,-0.01,0,0.0,0.0,1,1
0:44:16,31.47,1.0,0.0,-0.01,0,0.0,0.0,1,1
0:44:16,31.47,1.0,0.0,-0.01,0,0.0,0.0,1,1
0:44:16,31.73,1.0,0.0,-0.01,0,0.0,0.0,1,1
0:44:16,32.0,1.0,0.0,-0.01,0,0.0,0.0,1,1
0:44:16,32.25,1.0,0.0,-0.01,0,0.0,0.0,1,1
0:44:16,32.25,1.0,0.0,-0.01,0,0.0,0.0,1,1
0:44:16,32.44,1.0,0.0,-0.01,0,0.0,0.0,1,1
0:44:16,32.7,1.0,0.0,-0.01,0,0.0,0.0,1,1
0:44:16,32.7,1.0,0.0,-0.01,0,0.0,0.0,1,1
0:44:16,32.99,1.0,0.0,-0.01,0,0.0,0.0,1,1
0:44:16,33.47,1.0,0.0,-0.01,0,0.0,0.0,1,1
0:44:16,33.47,1.0,0.0,-0.01,0,0.0,0.0,1,1
0:44:16,33.76,1.0,0.0,-0.01,0,0.0,0.0,1,1
0:44:16,34.0,1.0,0.0,-0.01,0,0.0,0.0,1,1
0:44:16,34.26,1.0,0.0,-0.01,0,0.0,0.0,1,1
0:44:16,34.26,1.0,0.0,-0.01,0,0.0,0.0,1,1
0:44:16,34.79,1.0,0.0,-0.02,0,0.0,0.0,1,1
0:44:16,34.79,1.0,0.0,-0.02,0,0.0,0.0,1,1
0:44:16,35.05,1.0,0.0,-0.02,0,0.0,0.0,1,1
0:44:16,35.3,1.0,0.0,-0.02,0,0.0,0.0,1,1
0:44:16,35.3,1.0,0.0,-0.02,0,0.0,0.0,1,1
0:44:16,35.8,0.99,0.0,-0.02,0,0.0,0.0,1,1
0:44:16,35.8,0.99,0.0,-0.02,0,0.0,0.0,1,1
0:44:16,36.07,0.96,0.0,-0.02,0,0.0,0.0,1,1
0:44:16,36.31,0.92,0.0,-0.02,0,0.0,0.0,1,1
0:44:17,36.52,0.86,0.0,-0.02,0,0.0,0.0,1,1
0:44:17,36.52,0.86,0.0,-0.02,0,0.0,0.0,1,1
0:44:17,36.75,0.81,0.0,-0.02,0,0.0,0.0,1,1
0:44:17,36.98,0.76,0.0,-0.02,0,0.0,0.0,1,1
0:44:17,37.15,0.7,0.0,-0.02,0,0.0,0.0,1,1
0:44:17,37.32,0.65,0.0,-0.02,0,0.0,0.0,1,1
0:44:17,37.49,0.59,0.0,-0.02,0,0.0,0.0,1,1
0:44:17,37.49,0.59,0.0,-0.02,0,0.0,0.0,1,1
0:44:17,37.63,0.53,0.0,-0.02,0,0.0,0.0,1,1
0:44:17,37.75,0.46,0.0,-0.02,0,0.0,0.0,1,1
0:44:17,37.84,0.38,0.0,-0.02,0,0.0,0.0,1,1
0:44:17,37.92,0.33,0.0,-0.01,0,0.0,0.0,1,1
0:44:17,37.92,0.33,0.0,-0.01,0,0.0,0.0,1,1
0:44:17,37.97,0.13,0.0,-0.01,0,0.0,0.0,1,1
0:44:17,37.99,0.08,0.0,-0.01,0,0.0,0.0,1,1
0:44:17,37.98,0.0,0.0,-0.01,0,0.0,0.0,1,1
0:44:17,37.98,0.0,0.0,-0.01,0,0.0,0.0,1,1
0:44:17,37.94,0.0,0.0,-0.0,0,0.0,0.0,1,1
0:44:17,37.89,0.0,0.0,-0.0,0,0.0,0.0,1,1
0:44:17,37.81,0.0,0.0,-0.0,0,0.0,0.0,1,1
0:44:17,37.81,0.0,0.0,-0.0,0,0.0,0.0,1,1
0:44:17,37.64,0.0,0.0,0.0,0,0.0,0.0,1,1
0:44:17,37.64,0.0,0.0,0.0,0,0.0,0.0,1,1
0:44:17,37.46,0.0,0.0,0.0,0,0.0,0.0,1,1
0:44:17,37.46,0.0,0.0,0.0,0,0.0,0.0,1,1
0:44:17,37.33,0.0,0.0,0.0,0,0.0,0.0,1,1
0:44:17,37.33,0.0,0.0,0.0,0,0.0,0.0,1,1
0:44:17,37.11,0.0,0.0,0.0,0,0.0,0.0,1,1
0:44:17,37.11,0.0,0.0,0.0,0,0.0,0.0,1,1
0:44:17,37.0,0.0,0.0,0.0,0,0.0,0.0,1,1
0:44:17,36.88,0.0,0.0,0.0,0,0.0,0.0,1,1
0:44:17,36.88,0.0,0.0,0.0,0,0.0,0.0,1,1
0:44:17,36.76,0.0,0.0,0.0,0,0.0,0.0,1,1
0:44:17,36.64,0.0,0.0,0.0,0,0.0,0.0,1,1
0:44:17,36.52,0.0,0.0,0.0,0,0.0,0.0,1,1
0:44:17,36.42,0.0,0.0,0.0,0,0.0,0.0,1,1
0:44:17,36.42,0.0,0.0,0.0,0,0.0,0.0,1,1
0:44:17,36.29,0.0,0.0,0.0,0,0.0,0.0,1,1
0:44:17,36.17,0.0,0.0,0.0,0,0.0,0.0,1,1
0:44:17,36.06,0.0,0.0,0.0,0,0.0,0.0,1,1
0:44:17,36.06,0.0,0.0,0.0,0,0.0,0.0,1,1
0:44:17,35.83,0.0,0.0,0.0,0,0.0,0.0,1,1
0:44:17,35.83,0.0,0.0,0.0,0,0.0,0.0,1,1
0:44:17,35.7,0.0,0.0,0.0,0,0.0,0.0,1,1
0:44:17,35.5,0.0,0.0,-0.0,0,0.0,0.0,1,1
0:44:17,35.38,0.0,0.0,-0.0,0,0.0,0.0,1,1
0:44:17,35.27,0.0,0.0,-0.0,0,0.0,0.0,1,1
0:44:17,35.16,0.0,0.0,-0.0,0,0.0,0.0,1,1
0:44:17,35.16,0.0,0.0,-0.0,0,0.0,0.0,1,1
0:44:17,35.04,0.0,0.0,0.0,0,0.0,0.0,1,1
0:44:17,34.93,0.0,0.0,0.0,0,0.0,0.0,1,1
0:44:17,34.8,0.0,0.0,0.0,0,0.0,0.0,1,1
0:44:17,34.8,0.0,0.0,0.0,0,0.0,0.0,1,1
0:44:17,34.69,0.0,0.0,0.0,0,0.0,0.0,1,1
0:44:18,34.58,0.0,0.0,0.0,0,0.0,0.0,1,1
0:44:18,34.46,0.0,0.0,0.0,0,0.0,0.0,1,1
0:44:18,34.36,0.0,0.0,0.0,0,0.0,0.0,1,1
0:44:18,34.36,0.0,0.0,0.0,0,0.0,0.0,1,1
0:44:18,34.24,0.0,0.0,0.0,0,0.0,0.0,1,1
0:44:18,34.13,0.0,0.0,0.0,0,0.0,0.0,1,1
0:44:18,34.02,0.0,0.0,0.0,0,0.0,0.0,1,1
0:44:18,34.02,0.0,0.0,0.0,0,0.0,0.0,1,1
0:44:18,33.8,0.0,0.0,0.0,0,0.0,0.0,1,1
0:44:18,33.8,0.0,0.0,0.0,0,0.0,0.0,1,1
0:44:18,33.69,0.0,0.0,0.0,0,0.0,0.0,1,1
0:44:18,33.58,0.0,0.0,0.0,0,0.0,0.0,1,1
0:44:18,33.58,0.0,0.0,0.0,0,0.0,0.0,1,1
0:44:18,33.46,0.0,0.0,0.0,0,0.0,0.0,1,1
0:44:18,33.36,0.0,0.0,0.0,0,0.0,0.0,1,1
0:44:18,33.25,0.0,0.0,0.0,0,0.0,0.0,1,1
0:44:18,33.15,0.0,0.0,0.0,0,0.0,0.0,1,1
0:44:18,33.05,0.0,0.0,0.0,0,0.0,0.0,1,1
0:44:18,33.05,0.0,0.0,0.0,0,0.0,0.0,1,1
0:44:18,32.93,0.0,0.0,0.0,0,0.0,0.0,1,1
0:44:18,32.82,0.0,0.0,0.0,0,0.0,0.0,1,1
0:44:18,32.73,0.0,0.0,0.0,0,0.0,0.0,1,1
0:44:18,32.62,0.0,0.0,0.0,0,0.0,0.0,1,1
0:44:18,32.62,0.0,0.0,0.0,0,0.0,0.0,1,1
0:44:18,32.52,0.0,0.0,0.0,0,0.0,0.0,1,1
0:44:18,32.41,0.0,0.0,0.0,0,0.0,0.0,1,1
0:44:18,32.28,0.0,0.0,0.0,0,0.0,0.0,1,1
0:44:18,32.28,0.0,0.0,0.0,0,0.0,0.0,1,1
0:44:18,32.18,0.0,0.01,0.01,0,0.0,0.0,1,1
0:44:18,32.08,0.0,0.02,0.01,0,0.0,0.0,1,1
0:44:18,31.97,0.0,0.02,0.01,0,0.0,0.0,1,1
0:44:18,31.82,0.0,0.04,0.01,0,0.0,0.0,1,1
0:44:18,31.82,0.0,0.04,0.01,0,0.0,0.0,1,1
0:44:18,31.59,0.0,0.05,0.01,0,0.0,0.0,1,1
0:44:18,31.59,0.0,0.05,0.01,0,0.0,0.0,1,1
0:44:18,31.47,0.0,0.07,0.01,0,0.0,0.0,1,1
0:44:18,31.33,0.0,0.07,0.01,0,0.0,0.0,1,1
0:44:18,31.33,0.0,0.07,0.01,0,0.0,0.0,1,1
0:44:18,31.19,0.0,0.08,0.01,0,0.0,0.0,1,1
0:44:18,30.91,0.0,0.1,0.01,0,0.0,0.0,1,1
0:44:18,30.91,0.0,0.1,0.01,0,0.0,0.0,1,1
0:44:18,30.74,0.0,0.11,0.01,0,0.0,0.0,1,1
0:44:18,30.6,0.0,0.11,0.01,0,0.0,0.0,1,1
0:44:18,30.47,0.0,0.11,0.01,0,0.0,0.0,1,1
0:44:18,30.47,0.0,0.11,0.01,0,0.0,0.0,1,1
0:44:18,30.16,0.0,0.12,0.01,0,0.0,0.0,1,1
0:44:18,30.16,0.0,0.12,0.01,0,0.0,0.0,1,1
0:44:18,30.0,0.0,0.13,0.01,0,0.0,0.0,1,1
0:44:18,29.85,0.0,0.14,0.01,0,0.0,0.0,1,1
0:44:18,29.7,0.0,0.15,0.01,0,0.0,0.0,1,1
0:44:18,29.49,0.0,0.17,0.01,0,0.0,0.0,1,1
0:44:18,29.32,0.0,0.2,0.01,0,0.0,0.0,1,1
0:44:18,29.08,0.0,0.22,0.01,0,0.0,0.0,1,1
0:44:18,29.08,0.0,0.22,0.01,0,0.0,0.0,1,1
0:44:18,28.87,0.0,0.25,0.01,0,0.0,0.0,1,1
0:44:18,28.87,0.0,0.25,0.01,0,0.0,0.0,1,1
0:44:19,28.65,0.01,0.26,0.01,0,0.0,0.0,1,1
0:44:19,28.4,0.03,0.27,0.01,0,0.0,0.0,1,1
0:44:19,28.21,0.05,0.28,0.01,0,0.0,0.0,1,1
0:44:19,28.21,0.05,0.28,0.01,0,0.0,0.0,1,1
0:44:19,27.97,0.07,0.3,0.01,0,0.0,0.0,1,1
0:44:19,27.78,0.08,0.31,0.01,0,0.0,0.0,1,1
0:44:19,27.54,0.09,0.32,0.01,0,0.0,0.0,1,1
0:44:19,27.32,0.09,0.33,0.01,0,0.0,0.0,1,1
0:44:19,27.11,0.1,0.34,0.01,0,0.0,0.0,1,1
0:44:19,27.11,0.1,0.34,0.01,0,0.0,0.0,1,1
0:44:19,26.67,0.12,0.39,0.01,0,0.0,0.0,1,1
0:44:19,26.67,0.12,0.39,0.01,0,0.0,0.0,1,1
0:44:19,26.21,0.12,0.41,0.01,0,0.0,0.0,1,1
0:44:19,26.21,0.12,0.41,0.01,0,0.0,0.0,1,1
0:44:19,25.94,0.12,0.42,0.01,0,0.0,0.0,1,1
0:44:19,25.94,0.12,0.42,0.01,0,0.0,0.0,1,1
0:44:19,25.65,0.12,0.45,0.01,0,0.0,0.0,1,1
0:44:19,25.38,0.12,0.46,0.01,0,0.0,0.0,1,1
0:44:19,25.14,0.07,0.48,0.01,0,0.0,0.0,1,1
0:44:19,24.88,0.03,0.5,0.01,0,0.0,0.0,1,1
0:44:19,24.88,0.03,0.5,0.01,0,0.0,0.0,1,1
0:44:19,24.6,0.0,0.52,0.01,0,0.0,0.0,1,1
0:44:19,24.26,0.0,0.53,0.01,0,0.0,0.0,1,1
0:44:19,24.0,0.0,0.54,0.01,0,0.0,0.0,1,1
0:44:19,23.71,0.0,0.55,0.01,0,0.0,0.0,1,1
0:44:19,23.71,0.0,0.55,0.01,0,0.0,0.0,1,1
0:44:19,23.09,0.0,0.55,0.01,0,0.0,0.0,1,1
0:44:19,23.09,0.0,0.55,0.01,0,0.0,0.0,1,1
0:44:19,22.76,0.0,0.55,0.01,0,0.0,0.0,1,1
0:44:19,22.45,0.0,0.55,0.01,0,0.0,0.0,1,1
0:44:19,22.11,0.0,0.55,0.01,0,0.0,0.0,1,1
0:44:19,21.82,0.0,0.5,0.01,0,0.0,0.0,1,1
0:44:19,21.53,0.0,0.44,0.01,0,0.0,0.0,1,1
0:44:19,21.53,0.0,0.44,0.01,0,0.0,0.0,1,1
0:44:19,21.02,0.0,0.4,0.01,0,0.0,0.0,1,1
0:44:19,21.02,0.0,0.4,0.01,0,0.0,0.0,1,1
0:44:19,20.73,0.0,0.39,0.01,0,0.0,0.0,1,1
0:44:19,20.73,0.0,0.39,0.01,0,0.0,0.0,1,1
0:44:19,20.3,0.0,0.27,0.01,0,0.0,0.0,1,1
0:44:19,20.3,0.0,0.27,0.01,0,0.0,0.0,1,1
0:44:19,20.09,0.0,0.27,0.01,0,0.0,0.0,1,1
0:44:19,19.9,0.0,0.27,0.0,0,0.0,0.0,1,1
0:44:19,19.68,0.0,0.27,0.0,0,0.0,0.0,1,1
0:44:19,19.68,0.0,0.27,0.0,0,0.0,0.0,1,1
0:44:19,19.31,0.0,0.26,0.0,0,0.0,0.0,1,1
0:44:19,19.31,0.0,0.26,0.0,0,0.0,0.0,1,1
0:44:19,19.13,0.0,0.26,0.0,0,0.0,0.0,1,1
0:44:19,18.92,0.0,0.25,0.0,0,0.0,0.0,1,1
0:44:19,18.92,0.0,0.25,0.0,0,0.0,0.0,1,1
0:44:19,18.58,0.0,0.24,0.0,0,0.0,0.0,1,1
0:44:19,18.58,0.0,0.24,0.0,0,0.0,0.0,1,1
0:44:19,18.4,0.0,0.23,0.0,0,0.0,0.0,1,1
0:44:19,18.23,0.0,0.23,0.0,0,0.0,0.0,1,1
0:44:19,18.23,0.0,0.23,0.0,0,0.0,0.0,1,1
0:44:20,17.97,0.0,0.2,0.0,0,0.0,0.0,1,1
0:44:20,17.97,0.0,0.2,0.0,0,0.0,0.0,1,1
0:44:20,17.83,0.0,0.18,0.0,0,0.0,0.0,1,1
0:44:20,17.69,0.0,0.18,0.0,0,0.0,0.0,1,1
0:44:20,17.69,0.0,0.18,0.0,0,0.0,0.0,1,1
0:44:20,17.4,0.0,0.19,0.0,0,0.0,0.0,1,1
0:44:20,17.4,0.0,0.19,0.0,0,0.0,0.0,1,1
0:44:20,17.24,0.0,0.21,0.0,0,0.0,0.0,1,1
0:44:20,17.1,0.0,0.21,0.0,0,0.0,0.0,1,1
0:44:20,16.94,0.0,0.22,0.0,0,0.0,0.0,1,1
0:44:20,16.94,0.0,0.22,0.0,0,0.0,0.0,1,1
0:44:20,16.78,0.0,0.23,0.0,0,0.0,0.0,1,1
0:44:20,16.6,0.0,0.26,0.0,0,0.0,0.0,1,1
0:44:20,16.42,0.0,0.26,0.0,0,0.0,0.0,1,1
0:44:20,16.42,0.0,0.26,0.0,0,0.0,0.0,1,1
0:44:20,16.22,0.0,0.27,0.0,0,0.0,0.0,1,1
0:44:20,16.09,0.0,0.27,0.0,0,0.0,0.0,1,1
0:44:20,15.91,0.0,0.28,0.0,0,0.0,0.0,1,1
0:44:20,15.57,0.0,0.28,0.0,0,0.0,0.0,1,1
0:44:20,15.57,0.0,0.28,0.0,0,0.0,0.0,1,1
0:44:20,15.38,0.0,0.3,0.0,0,0.0,0.0,1,1
0:44:20,15.38,0.0,0.3,0.0,0,0.0,0.0,1,1
0:44:20,15.16,0.0,0.34,0.0,0,0.0,0.0,1,1
0:44:20,14.94,0.0,0.35,0.0,0,0.0,0.0,1,1
0:44:20,14.72,0.0,0.35,0.0,0,0.0,0.0,1,1
0:44:20,14.72,0.0,0.35,0.0,0,0.0,0.0,1,1
0:44:20,14.51,0.0,0.35,0.0,0,0.0,0.0,1,1
0:44:20,14.29,0.0,0.35,0.0,0,0.0,0.0,1,1
0:44:20,14.1,0.0,0.35,0.0,0,0.0,0.0,1,1
0:44:20,13.88,0.0,0.36,0.0,0,0.0,0.0,1,1
0:44:20,13.7,0.0,0.36,0.0,0,0.0,0.0,1,1
0:44:20,13.5,0.0,0.36,0.0,0,0.0,0.0,1,1
0:44:20,13.3,0.0,0.36,0.0,0,0.0,0.0,1,1
0:44:20,13.1,0.0,0.36,0.0,0,0.0,0.0,1,1
0:44:20,13.1,0.0,0.36,0.0,0,0.0,0.0,1,1
0:44:20,12.89,0.0,0.36,0.0,0,0.0,0.0,1,1
0:44:20,12.67,0.0,0.36,0.0,0,0.0,0.0,1,1
0:44:20,12.67,0.0,0.36,0.0,0,0.0,0.0,1,1
0:44:20,12.25,0.0,0.38,0.0,0,0.0,0.0,1,1
0:44:20,12.25,0.0,0.38,0.0,0,0.0,0.0,1,1
0:44:20,11.99,0.0,0.38,0.0,0,0.0,0.0,1,1
0:44:20,11.81,0.0,0.39,0.01,0,0.0,0.0,1,1
0:44:20,11.59,0.0,0.4,0.01,0,0.0,0.0,1,1
0:44:20,11.59,0.0,0.4,0.01,0,0.0,0.0,1,1
0:44:20,11.36,0.0,0.42,0.01,0,0.0,0.0,1,1
0:44:20,11.12,0.0,0.42,0.01,0,0.0,0.0,1,1
0:44:20,10.91,0.0,0.44,0.01,0,0.0,0.0,1,1
0:44:20,10.64,0.0,0.44,0.01,0,0.0,0.0,1,1
0:44:20,10.44,0.0,0.44,0.01,0,0.0,0.0,1,1
0:44:20,10.44,0.0,0.44,0.01,0,0.0,0.0,1,1
0:44:20,10.17,0.0,0.44,0.01,0,0.0,0.0,1,1
0:44:20,9.92,0.0,0.44,0.01,0,0.0,0.0,1,1
0:44:20,9.71,0.0,0.44,0.01,0,0.0,0.0,1,1
0:44:20,9.71,0.0,0.44,0.01,0,0.0,0.0,1,1
0:44:20,9.24,0.0,0.44,0.01,0,0.0,0.0,1,1
0:44:20,9.24,0.0,0.44,0.01,0,0.0,0.0,1,1
0:44:21,8.96,0.0,0.44,0.01,0,0.0,0.0,1,1
0:44:21,8.96,0.0,0.44,0.01,0,0.0,0.0,1,1
0:44:21,8.51,0.0,0.44,0.01,0,0.0,0.0,1,1
0:44:21,8.51,0.0,0.44,0.01,0,0.0,0.0,1,1
0:44:21,8.33,0.0,0.4,0.01,0,0.0,0.0,1,1
0:44:21,7.95,0.0,0.39,0.01,0,0.0,0.0,1,1
0:44:21,7.95,0.0,0.39,0.01,0,0.0,0.0,1,1
0:44:21,7.7,0.0,0.38,0.01,0,0.0,0.0,1,1
0:44:21,7.51,0.0,0.37,0.01,0,0.0,0.0,1,1
0:44:21,7.37,0.0,0.35,0.01,0,0.0,0.0,1,1
0:44:21,7.37,0.0,0.35,0.01,0,0.0,0.0,1,1
0:44:21,7.02,0.0,0.3,0.01,0,0.0,0.0,1,1
0:44:21,7.02,0.0,0.3,0.01,0,0.0,0.0,1,1
0:44:21,6.89,0.0,0.28,0.01,0,0.0,0.0,1,1
0:44:21,6.7,0.0,0.28,0.01,0,0.0,0.0,1,1
0:44:21,6.58,0.0,0.27,0.01,0,0.0,0.0,1,1
0:44:21,6.58,0.0,0.27,0.01,0,0.0,0.0,1,1
0:44:21,6.41,0.0,0.26,0.01,0,0.0,0.0,1,1
0:44:21,6.3,0.0,0.26,0.01,0,0.0,0.0,1,1
0:44:21,6.12,0.0,0.24,0.01,0,0.0,0.0,1,1
0:44:21,6.12,0.0,0.24,0.01,0,0.0,0.0,1,1
0:44:21,6.03,0.0,0.23,0.01,0,0.0,0.0,1,1
0:44:21,5.93,0.0,0.2,0.01,0,0.0,0.0,1,1
0:44:21,5.75,0.0,0.2,0.01,0,0.0,0.0,1,1
0:44:21,5.75,0.0,0.2,0.01,0,0.0,0.0,1,1
0:44:21,5.71,0.0,0.16,0.01,0,0.0,0.0,1,1
0:44:21,5.59,0.0,0.09,0.01,0,0.0,0.0,1,1
0:44:21,5.59,0.0,0.05,0.01,0,0.0,0.0,1,1
0:44:21,5.58,0.0,0.0,0.01,0,0.0,0.0,1,1
0:44:21,5.58,0.0,0.0,0.01,0,0.0,0.0,1,1
0:44:21,5.57,0.0,0.0,0.01,0,0.0,0.0,1,1
0:44:21,5.56,0.0,0.0,0.01,0,0.0,0.0,1,1
0:44:21,5.54,0.0,0.0,0.01,0,0.0,0.0,1,1
0:44:21,5.54,0.0,0.0,0.01,0,0.0,0.0,1,1
0:44:21,5.53,0.0,0.0,0.01,0,0.0,0.0,1,1
0:44:21,5.5,0.0,0.0,0.01,0,0.0,0.0,1,1
0:44:21,5.5,0.0,0.0,0.01,0,0.0,0.0,1,1
0:44:21,5.48,0.0,0.0,0.01,0,0.0,0.0,1,1
0:44:21,5.47,0.0,0.0,0.01,0,0.0,0.0,1,1
0:44:21,5.47,0.0,0.0,0.01,0,0.0,0.0,1,1
0:44:21,5.45,0.0,0.0,0.01,0,0.0,0.0,1,1
0:44:21,5.42,0.0,0.0,0.01,0,0.0,0.0,1,1
0:44:21,5.42,0.0,0.0,0.01,0,0.0,0.0,1,1
0:44:21,5.4,0.0,0.0,0.01,0,0.0,0.0,1,1
0:44:21,5.39,0.0,0.0,0.01,0,0.0,0.0,1,1
0:44:21,5.37,0.0,0.0,0.0,0,0.0,0.0,1,1
0:44:21,5.37,0.0,0.0,0.0,0,0.0,0.0,1,1
0:44:21,5.35,0.0,0.0,0.0,0,0.0,0.0,1,1
0:44:21,5.33,0.0,0.0,0.0,0,0.0,0.0,1,1
0:44:21,5.31,0.0,0.0,0.0,0,0.0,0.0,1,1
0:44:21,5.31,0.0,0.0,0.0,0,0.0,0.0,1,1
0:44:21,5.29,0.0,0.0,-0.0,0,0.0,0.0,1,1
0:44:21,5.28,0.0,0.0,-0.0,0,0.0,0.0,1,1
0:44:21,5.26,0.0,0.0,-0.0,0,0.0,0.0,1,1
0:44:21,5.26,0.0,0.0,-0.0,0,0.0,0.0,1,1
0:44:21,5.24,0.0,0.0,-0.0,0,0.0,0.0,1,1
0:44:22,5.22,0.0,0.0,-0.0,0,0.0,0.0,1,1
0:44:22,5.21,0.0,0.0,-0.0,0,0.0,0.0,1,1
0:44:22,5.19,0.0,0.0,-0.0,0,0.0,0.0,1,1
0:44:22,5.19,0.0,0.0,-0.0,0,0.0,0.0,1,1
0:44:22,5.17,0.0,0.0,-0.0,0,0.0,0.0,1,1
0:44:22,5.16,0.0,0.0,-0.0,0,0.0,0.0,1,1
0:44:22,5.14,0.0,0.0,-0.0,0,0.0,0.0,1,1
0:44:22,5.13,0.0,0.0,-0.0,0,0.0,0.0,1,1
0:44:22,5.11,0.0,0.0,-0.0,0,0.0,0.0,1,1
0:44:22,5.09,0.0,0.0,-0.0,0,0.0,0.0,1,1
0:44:22,5.08,0.0,0.0,-0.0,0,0.0,0.0,1,1
0:44:22,5.08,0.0,0.0,-0.0,0,0.0,0.0,1,1
0:44:22,5.06,0.0,0.0,-0.0,0,0.0,0.0,1,1
0:44:22,5.04,0.0,0.0,-0.0,0,0.0,0.0,1,1
0:44:22,5.04,0.0,0.0,-0.0,0,0.0,0.0,1,1
0:44:22,5.02,0.0,0.0,-0.0,0,0.0,0.0,1,1
0:44:22,5.01,0.0,0.0,-0.0,0,0.0,0.0,1,1
0:44:22,4.99,0.0,0.0,-0.0,0,0.0,0.0,1,1
0:44:22,4.98,0.0,0.0,-0.0,0,0.0,0.0,1,1
0:44:22,4.96,0.0,0.0,-0.0,0,0.0,0.0,1,1
0:44:22,4.96,0.0,0.0,-0.0,0,0.0,0.0,1,1
0:44:22,4.93,0.0,0.0,-0.0,0,0.0,0.0,1,1
0:44:22,4.93,0.0,0.0,-0.0,0,0.0,0.0,1,1
0:44:22,4.91,0.0,0.0,-0.0,0,0.0,0.0,1,1
0:44:22,4.91,0.0,0.0,-0.0,0,0.0,0.0,1,1
0:44:22,4.9,0.0,0.0,-0.0,0,0.0,0.0,1,1
0:44:22,4.88,0.0,0.0,-0.0,0,0.0,0.0,1,1
0:44:22,4.87,0.0,0.0,-0.0,0,0.0,0.0,1,1
0:44:22,4.85,0.0,0.0,-0.0,0,0.0,0.0,1,1
0:44:22,4.85,0.0,0.0,-0.0,0,0.0,0.0,1,1
0:44:22,4.82,0.0,0.0,-0.0,0,0.0,0.0,1,1
0:44:22,4.82,0.0,0.0,-0.0,0,0.0,0.0,1,1
0:44:22,4.81,0.0,0.0,-0.0,0,0.0,0.0,1,1
0:44:22,4.79,0.0,0.0,-0.0,0,0.0,0.0,1,1
0:44:22,4.78,0.0,0.0,-0.0,0,0.0,0.0,1,1
0:44:22,4.78,0.0,0.0,-0.0,0,0.0,0.0,1,1
0:44:22,4.75,0.0,0.0,-0.0,0,0.0,0.0,1,1
0:44:22,4.75,0.0,0.0,-0.0,0,0.0,0.0,1,1
0:44:22,4.75,0.0,0.0,-0.0,0,0.0,0.0,1,1
0:44:22,4.73,0.0,0.0,-0.0,0,0.0,0.0,1,1
0:44:22,4.72,0.0,0.0,-0.0,0,0.0,0.0,1,1
0:44:22,4.7,0.0,0.0,-0.0,0,0.0,0.0,1,1
0:44:22,4.68,0.0,0.0,-0.0,0,0.0,0.0,1,1
0:44:22,4.67,0.0,0.0,-0.0,0,0.0,0.0,1,1
0:44:22,4.66,0.0,0.0,-0.0,0,0.0,0.0,1,1
0:44:22,4.64,0.0,0.0,-0.0,0,0.0,0.0,1,1
0:44:22,4.64,0.0,0.0,-0.0,0,0.0,0.0,1,1
0:44:22,4.62,0.0,0.0,-0.0,0,0.0,0.0,1,1
0:44:22,4.61,0.0,0.0,-0.0,0,0.0,0.0,1,1
0:44:22,4.59,0.0,0.0,-0.0,0,0.0,0.0,1,1
0:44:22,4.59,0.0,0.0,-0.0,0,0.0,0.0,1,1
0:44:22,4.58,0.0,0.0,-0.0,0,0.0,0.0,1,1
0:44:22,4.56,0.0,0.0,-0.0,0,0.0,0.0,1,1
0:44:22,4.55,0.0,0.0,-0.0,0,0.0,0.0,1,1
0:44:22,4.55,0.0,0.0,-0.0,0,0.0,0.0,1,1
0:44:23,4.52,0.0,0.0,-0.0,0,0.0,0.0,1,1
0:44:23,4.52,0.0,0.0,-0.0,0,0.0,0.0,1,1
0:44:23,4.51,0.0,0.0,-0.0,0,0.0,0.0,1,1
0:44:23,4.49,0.0,0.0,-0.0,0,0.0,0.0,1,1
0:44:23,4.49,0.0,0.0,-0.0,0,0.0,0.0,1,1
0:44:23,4.46,0.0,0.0,-0.0,0,0.0,0.0,1,1
0:44:23,4.46,0.0,0.0,-0.0,0,0.0,0.0,1,1
0:44:23,4.45,0.0,0.0,-0.0,0,0.0,0.0,1,1
0:44:23,4.43,0.0,0.0,-0.0,0,0.0,0.0,1,1
0:44:23,4.42,0.0,0.0,-0.0,0,0.0,0.0,1,1
0:44:23,4.41,0.0,0.0,-0.0,0,0.0,0.0,1,1
0:44:23,4.39,0.0,0.0,-0.0,0,0.0,0.0,1,1
0:44:23,4.38,0.0,0.0,-0.0,0,0.0,0.0,1,1
0:44:23,4.38,0.0,0.0,-0.0,0,0.0,0.0,1,1
0:44:23,4.35,0.0,0.0,-0.0,0,0.0,0.0,1,1
0:44:23,4.35,0.0,0.0,-0.0,0,0.0,0.0,1,1
0:44:23,4.34,0.0,0.0,-0.0,0,0.0,0.0,1,1
0:44:23,4.32,0.0,0.0,-0.0,0,0.0,0.0,1,1
0:44:23,4.31,0.0,0.0,-0.0,0,0.0,0.0,1,1
0:44:23,4.31,0.0,0.0,-0.0,0,0.0,0.0,1,1
0:44:23,4.3,0.0,0.0,-0.0,0,0.0,0.0,1,1
0:44:23,4.28,0.0,0.0,-0.0,0,0.0,0.0,1,1
0:44:23,4.27,0.0,0.0,-0.0,0,0.0,0.0,1,1
0:44:23,4.25,0.0,0.0,-0.0,0,0.0,0.0,1,1
0:44:23,4.24,0.0,0.0,-0.0,0,0.0,0.0,1,1
0:44:23,4.23,0.0,0.0,-0.0,0,0.0,0.0,1,1
0:44:23,4.23,0.0,0.0,-0.0,0,0.0,0.0,1,1
0:44:23,4.21,0.0,0.0,-0.0,0,0.0,0.0,1,1
0:44:23,4.2,0.0,0.0,-0.0,0,0.0,0.0,1,1
0:44:23,4.19,0.0,0.0,-0.0,0,0.0,0.0,1,1
0:44:23,4.17,0.0,0.0,-0.0,0,0.0,0.0,1,1
0:44:23,4.16,0.0,0.0,-0.0,0,0.0,0.0,1,1
0:44:23,4.16,0.0,0.0,-0.0,0,0.0,0.0,1,1
0:44:23,4.15,0.0,0.0,-0.0,0,0.0,0.0,1,1
0:44:23,4.14,0.0,0.0,-0.0,0,0.0,0.0,1,1
0:44:23,4.12,0.0,0.0,-0.0,0,0.0,0.0,1,1
0:44:23,4.11,0.0,0.0,-0.0,0,0.0,0.0,1,1
0:44:23,4.11,0.0,0.0,-0.0,0,0.0,0.0,1,1
0:44:23,4.08,0.0,0.0,-0.0,0,0.0,0.0,1,1
0:44:23,4.08,0.0,0.0,-0.0,0,0.0,0.0,1,1
0:44:23,4.07,0.0,0.0,-0.0,0,0.0,0.0,1,1
0:44:23,4.06,0.0,0.0,-0.0,0,0.0,0.0,1,1
0:44:23,4.05,0.0,0.0,-0.0,0,0.0,0.0,1,1
0:44:23,4.03,0.0,0.0,-0.0,0,0.0,0.0,1,1
0:44:23,4.02,0.0,0.0,-0.0,0,0.0,0.0,1,1
0:44:23,4.02,0.0,0.0,-0.0,0,0.0,0.0,1,1
0:44:23,4.01,0.0,0.0,-0.0,0,0.0,0.0,1,1
0:44:23,3.99,0.0,0.0,-0.0,0,0.0,0.0,1,1
0:44:23,3.98,0.0,0.0,-0.0,0,0.0,0.0,1,1
0:44:23,3.98,0.0,0.0,-0.0,0,0.0,0.0,1,1
0:44:23,3.97,0.0,0.0,-0.0,0,0.0,0.0,1,1
0:44:23,3.96,0.0,0.0,-0.0,0,0.0,0.0,1,1
0:44:23,3.94,0.0,0.0,-0.0,0,0.0,0.0,1,1
0:44:23,3.93,0.0,0.0,-0.0,0,0.0,0.0,1,1
0:44:23,3.93,0.0,0.0,-0.0,0,0.0,0.0,1,1
0:44:24,3.92,0.0,0.0,-0.0,0,0.0,0.0,1,1
0:44:24,3.91,0.0,0.0,-0.0,0,0.0,0.0,1,1
0:44:24,3.89,0.0,0.0,-0.0,0,0.0,0.0,1,1
0:44:24,3.88,0.0,0.0,-0.0,0,0.0,0.0,1,1
0:44:24,3.86,0.0,0.0,-0.0,0,0.0,0.0,1,1
0:44:24,3.86,0.0,0.0,-0.0,0,0.0,0.0,1,1
0:44:24,3.84,0.0,0.0,-0.0,0,0.0,0.0,1,1
0:44:24,3.83,0.0,0.0,-0.0,0,0.0,0.0,1,1
0:44:24,3.82,0.0,0.0,-0.0,0,0.0,0.0,1,1
0:44:24,3.81,0.0,0.0,-0.0,0,0.0,0.0,1,1
0:44:24,3.79,0.0,0.0,-0.0,0,0.0,0.0,1,1
0:44:24,3.79,0.0,0.0,-0.0,0,0.0,0.0,1,1
0:44:24,3.78,0.0,0.0,-0.0,0,0.0,0.0,1,1
0:44:24,3.77,0.0,0.0,-0.0,0,0.0,0.0,1,1
0:44:24,3.76,0.0,0.0,-0.0,0,0.0,0.0,1,1
0:44:24,3.75,0.0,0.0,-0.0,0,0.0,0.0,1,1
0:44:24,3.74,0.0,0.0,-0.0,0,0.0,0.0,1,1
0:44:24,3.72,0.0,0.0,-0.0,0,0.0,0.0,1,1
0:44:24,3.72,0.0,0.0,-0.0,0,0.0,0.0,1,1
0:44:24,3.71,0.0,0.0,-0.0,0,0.0,0.0,1,1
0:44:24,3.7,0.0,0.0,-0.0,0,0.0,0.0,1,1
0:44:24,3.69,0.0,0.0,-0.0,0,0.0,0.0,1,1
0:44:24,3.68,0.0,0.0,-0.0,0,0.0,0.0,1,1
0:44:24,3.66,0.0,0.0,-0.0,0,0.0,0.0,1,1
0:44:24,3.65,0.0,0.0,-0.0,0,0.0,0.0,1,1
0:44:24,3.65,0.0,0.0,-0.0,0,0.0,0.0,1,1
0:44:24,3.63,0.0,0.0,-0.0,0,0.0,0.0,1,1
0:44:24,3.63,0.0,0.0,-0.0,0,0.0,0.0,1,1
0:44:24,3.62,0.0,0.0,-0.0,0,0.0,0.0,1,1
0:44:24,3.61,0.0,0.0,-0.0,0,0.0,0.0,1,1
0:44:24,3.6,0.0,0.0,-0.0,0,0.0,0.0,1,1
0:44:24,3.58,0.0,0.0,-0.0,0,0.0,0.0,1,1
0:44:24,3.57,0.0,0.0,-0.0,0,0.0,0.0,1,1
0:44:24,3.56,0.0,0.0,-0.0,0,0.0,0.0,1,1
0:44:24,3.55,0.0,0.0,-0.0,0,0.0,0.0,1,1
0:44:24,3.55,0.0,0.0,-0.0,0,0.0,0.0,1,1
0:44:24,3.54,0.0,0.0,-0.0,0,0.0,0.0,1,1
0:44:24,3.53,0.0,0.0,-0.0,0,0.0,0.0,1,1
0:44:24,3.51,0.0,0.0,-0.0,0,0.0,0.0,1,1
0:44:24,3.51,0.0,0.0,-0.0,0,0.0,0.0,1,1
0:44:24,3.49,0.0,0.0,-0.0,0,0.0,0.0,1,1
0:44:24,3.47,0.0,0.0,-0.0,0,0.0,0.0,1,1
0:44:24,3.47,0.0,0.0,-0.0,0,0.0,0.0,1,1
0:44:24,3.46,0.0,0.0,-0.0,0,0.0,0.0,1,1
0:44:24,3.45,0.0,0.0,-0.0,0,0.0,0.0,1,1
0:44:24,3.44,0.0,0.0,-0.0,0,0.0,0.0,1,1
0:44:24,3.44,0.0,0.0,-0.0,0,0.0,0.0,1,1
0:44:24,3.43,0.0,0.0,-0.0,0,0.0,0.0,1,1
0:44:24,3.41,0.0,0.0,-0.0,0,0.0,0.0,1,1
0:44:24,3.41,0.0,0.0,-0.0,0,0.0,0.0,1,1
0:44:24,3.4,0.0,0.0,-0.0,0,0.0,0.0,1,1
0:44:25,3.39,0.0,0.0,-0.0,0,0.0,0.0,1,1
0:44:25,3.38,0.0,0.0,-0.0,0,0.0,0.0,1,1
0:44:25,3.37,0.0,0.0,-0.0,0,0.0,0.0,1,1
0:44:25,3.37,0.0,0.0,-0.0,0,0.0,0.0,1,1
0:44:25,3.36,0.0,0.0,-0.0,0,0.0,0.0,1,1
0:44:25,3.35,0.0,0.0,-0.0,0,0.0,0.0,1,1
0:44:25,3.34,0.0,0.0,-0.0,0,0.0,0.0,1,1
0:44:25,3.34,0.0,0.0,-0.0,0,0.0,0.0,1,1
0:44:25,3.31,0.0,0.0,-0.0,0,0.0,0.0,1,1
0:44:25,3.31,0.0,0.0,-0.0,0,0.0,0.0,1,1
0:44:25,3.3,0.0,0.0,-0.0,0,0.0,0.0,1,1
0:44:25,3.29,0.0,0.0,-0.0,0,0.0,0.0,1,1
0:44:25,3.28,0.0,0.0,-0.0,0,0.0,0.0,1,1
0:44:25,3.27,0.0,0.0,-0.0,0,0.0,0.0,1,1
0:44:25,3.27,0.0,0.0,-0.0,0,0.0,0.0,1,1
0:44:25,3.26,0.0,0.0,-0.0,0,0.0,0.0,1,1
0:44:25,3.25,0.0,0.0,-0.0,0,0.0,0.0,1,1
0:44:25,3.24,0.0,0.0,-0.0,0,0.0,0.0,1,1
0:44:25,3.24,0.0,0.0,-0.0,0,0.0,0.0,1,1
0:44:25,3.23,0.0,0.0,-0.0,0,0.0,0.0,1,1
0:44:25,3.21,0.0,0.0,-0.0,0,0.0,0.0,1,1
0:44:25,3.21,0.0,0.0,-0.0,0,0.0,0.0,1,1
0:44:25,3.2,0.0,0.0,-0.0,0,0.0,0.0,1,1
0:44:25,3.2,0.0,0.0,-0.0,0,0.0,0.0,1,1
0:44:25,3.18,0.0,0.0,-0.0,0,0.0,0.0,1,1
0:44:25,3.18,0.0,0.0,-0.0,0,0.0,0.0,1,1
0:44:25,3.16,0.0,0.0,-0.0,0,0.0,0.0,1,1
0:44:25,3.16,0.0,0.0,-0.0,0,0.0,0.0,1,1
0:44:25,3.15,0.0,0.0,-0.0,0,0.0,0.0,1,1
0:44:25,3.14,0.0,0.0,-0.0,0,0.0,0.0,1,1
0:44:25,3.14,0.0,0.0,-0.0,0,0.0,0.0,1,1
0:44:25,3.12,0.0,0.0,-0.0,0,0.0,0.0,1,1
0:44:25,3.12,0.0,0.0,-0.0,0,0.0,0.0,1,1
0:44:25,3.11,0.0,0.0,-0.0,0,0.0,0.0,1,1
0:44:25,3.1,0.0,0.0,-0.0,0,0.0,0.0,1,1
0:44:25,3.1,0.0,0.0,-0.0,0,0.0,0.0,1,1
0:44:25,3.09,0.0,0.0,-0.0,0,0.0,0.0,1,1
0:44:25,3.08,0.0,0.0,-0.0,0,0.0,0.0,1,1
0:44:25,3.07,0.0,0.0,-0.0,0,0.0,0.0,1,1
0:44:25,3.07,0.0,0.0,-0.0,0,0.0,0.0,1,1
0:44:25,3.06,0.0,0.0,-0.0,0,0.0,0.0,1,1
0:44:25,3.05,0.0,0.0,-0.0,0,0.0,0.0,1,1
0:44:25,3.04,0.0,0.0,-0.0,0,0.0,0.0,1,1
0:44:25,3.03,0.0,0.0,-0.0,0,0.0,0.0,1,1
0:44:25,3.03,0.0,0.0,-0.0,0,0.0,0.0,1,1
0:44:25,3.02,0.0,0.0,-0.0,0,0.0,0.0,1,1
0:44:25,3.01,0.0,0.0,-0.0,0,0.0,0.0,1,1
0:44:25,3.0,0.0,0.0,-0.0,0,0.0,0.0,1,1
0:44:25,3.0,0.0,0.0,-0.0,0,0.0,0.0,1,1
0:44:25,2.99,0.0,0.0,-0.0,0,0.0,0.0,1,1
0:44:25,2.97,0.0,0.0,-0.0,0,0.0,0.0,1,1
0:44:25,2.97,0.0,0.0,-0.0,0,0.0,0.0,1,1
0:44:25,2.96,0.0,0.0,-0.0,0,0.0,0.0,1,1
0:44:25,2.95,0.0,0.0,-0.0,0,0.0,0.0,1,1
0:44:25,2.94,0.0,0.0,-0.0,0,0.0,0.0,1,1
0:44:25,2.94,0.0,0.0,-0.0,0,0.0,0.0,1,1
0:44:26,2.93,0.0,0.0,-0.0,0,0.0,0.0,1,1
0:44:26,2.92,0.0,0.0,-0.0,0,0.0,0.0,1,1
0:44:26,2.91,0.0,0.0,-0.0,0,0.0,0.0,1,1
0:44:26,2.91,0.0,0.0,-0.0,0,0.0,0.0,1,1
0:44:26,2.9,0.0,0.0,-0.0,0,0.0,0.0,1,1
0:44:26,2.89,0.0,0.0,-0.0,0,0.0,0.0,1,1
0:44:26,2.89,0.0,0.0,-0.0,0,0.0,0.0,1,1
0:44:26,2.89,0.0,0.0,-0.0,0,0.0,0.0,1,1
0:44:26,2.87,0.0,0.0,-0.0,0,0.0,0.0,1,1
0:44:26,2.87,0.0,0.0,-0.0,0,0.0,0.0,1,1
0:44:26,2.86,0.0,0.0,-0.0,0,0.0,0.0,1,1
0:44:26,2.85,0.0,0.0,-0.0,0,0.0,0.0,1,1
0:44:26,2.85,0.0,0.0,-0.0,0,0.0,0.0,1,1
0:44:26,2.83,0.0,0.0,-0.0,0,0.0,0.0,1,1
0:44:26,2.83,0.0,0.0,-0.0,0,0.0,0.0,1,1
0:44:26,2.82,0.0,0.0,-0.0,0,0.0,0.0,1,1
0:44:26,2.81,0.0,0.0,-0.0,0,0.0,0.0,1,1
0:44:26,2.8,0.0,0.0,-0.0,0,0.0,0.0,1,1
0:44:26,2.8,0.0,0.0,-0.0,0,0.0,0.0,1,1
0:44:26,2.79,0.0,0.0,-0.0,0,0.0,0.0,1,1
0:44:26,2.78,0.0,0.0,-0.0,0,0.0,0.0,1,1
0:44:26,2.78,0.0,0.0,-0.0,0,0.0,0.0,1,1
0:44:26,2.77,0.0,0.0,-0.0,0,0.0,0.0,1,1
0:44:26,2.77,0.0,0.0,-0.0,0,0.0,0.0,1,1
0:44:26,2.75,0.0,0.0,-0.0,0,0.0,0.0,1,1
0:44:26,2.75,0.0,0.0,-0.0,0,0.0,0.0,1,1
0:44:26,2.74,0.0,0.0,-0.0,0,0.0,0.0,1,1
0:44:26,2.73,0.0,0.0,-0.0,0,0.0,0.0,1,1
0:44:26,2.72,0.0,0.0,-0.0,0,0.0,0.0,1,1
0:44:26,2.72,0.0,0.0,-0.0,0,0.0,0.0,1,1
0:44:26,2.7,0.0,0.0,-0.0,0,0.0,0.0,1,1
0:44:26,2.7,0.0,0.0,-0.0,0,0.0,0.0,1,1
0:44:26,2.7,0.0,0.0,-0.0,0,0.0,0.0,1,1
0:44:26,2.69,0.0,0.0,-0.0,0,0.0,0.0,1,1
0:44:26,2.68,0.0,0.0,-0.0,0,0.0,0.0,1,1
0:44:26,2.68,0.0,0.0,-0.0,0,0.0,0.0,1,1
0:44:26,2.67,0.0,0.0,-0.0,0,0.0,0.0,1,1
0:44:26,2.66,0.0,0.0,-0.0,0,0.0,0.0,1,1
0:44:26,2.65,0.0,0.0,-0.0,0,0.0,0.0,1,1
0:44:26,2.65,0.0,0.0,-0.0,0,0.0,0.0,1,1
0:44:26,2.64,0.0,0.0,-0.0,0,0.0,0.0,1,1
0:44:26,2.64,0.0,0.0,-0.0,0,0.0,0.0,1,1
0:44:26,2.62,0.0,0.0,-0.0,0,0.0,0.0,1,1
0:44:26,2.62,0.0,0.0,-0.0,0,0.0,0.0,1,1
0:44:26,2.61,0.0,0.0,-0.0,0,0.0,0.0,1,1
0:44:26,2.6,0.0,0.0,-0.0,0,0.0,0.0,1,1
0:44:26,2.6,0.0,0.0,-0.0,0,0.0,0.0,1,1
0:44:26,2.58,0.0,0.0,-0.0,0,0.0,0.0,1,1
0:44:26,2.58,0.0,0.0,-0.0,0,0.0,0.0,1,1
0:44:26,2.57,0.0,0.0,-0.0,0,0.0,0.0,1,1
0:44:26,2.57,0.0,0.0,-0.0,0,0.0,0.0,1,1
0:44:26,2.55,0.0,0.0,-0.0,0,0.0,0.0,1,1
0:44:26,2.55,0.0,0.0,-0.0,0,0.0,0.0,1,1
0:44:26,2.55,0.0,0.0,-0.0,0,0.0,0.0,1,1
0:44:27,2.54,0.0,0.0,-0.0,0,0.0,0.0,1,1
0:44:27,2.53,0.0,0.0,-0.0,0,0.0,0.0,1,1
0:44:27,2.52,0.0,0.0,-0.0,0,0.0,0.0,1,1
0:44:27,2.51,0.0,0.0,-0.0,0,0.0,0.0,1,1
0:44:27,2.51,0.0,0.0,-0.0,0,0.0,0.0,1,1
0:44:27,2.5,0.0,0.0,-0.0,0,0.0,0.0,1,1
0:44:27,2.5,0.0,0.0,-0.0,0,0.0,0.0,1,1
0:44:27,2.49,0.0,0.0,-0.0,0,0.0,0.0,1,1
0:44:27,2.48,0.0,0.0,-0.0,0,0.0,0.0,1,1
0:44:27,2.48,0.0,0.0,-0.0,0,0.0,0.0,1,1
0:44:27,2.47,0.0,0.0,-0.0,0,0.0,0.0,1,1
0:44:27,2.46,0.0,0.0,-0.0,0,0.0,0.0,1,1
0:44:27,2.46,0.0,0.0,-0.0,0,0.0,0.0,1,1
0:44:27,2.45,0.0,0.0,-0.0,0,0.0,0.0,1,1
0:44:27,2.45,0.0,0.0,-0.0,0,0.0,0.0,1,1
0:44:27,2.44,0.0,0.0,-0.0,0,0.0,0.0,1,1
0:44:27,2.43,0.0,0.0,-0.0,0,0.0,0.0,1,1
0:44:27,2.42,0.0,0.0,-0.0,0,0.0,0.0,1,1
0:44:27,2.42,0.0,0.0,-0.0,0,0.0,0.0,1,1
0:44:27,2.42,0.0,0.0,-0.0,0,0.0,0.0,1,1
0:44:27,2.4,0.0,0.0,-0.0,0,0.0,0.0,1,1
0:44:27,2.4,0.0,0.0,-0.0,0,0.0,0.0,1,1
0:44:27,2.39,0.0,0.0,-0.0,0,0.0,0.0,1,1
0:44:27,2.38,0.0,0.0,-0.0,0,0.0,0.0,1,1
0:44:27,2.38,0.0,0.0,-0.0,0,0.0,0.0,1,1
0:44:27,2.38,0.0,0.0,-0.0,0,0.0,0.0,1,1
0:44:27,2.37,0.0,0.0,-0.0,0,0.0,0.0,1,1
0:44:27,2.37,0.0,0.0,-0.0,0,0.0,0.0,1,1
0:44:27,2.35,0.0,0.0,-0.0,0,0.0,0.0,1,1
0:44:27,2.35,0.0,0.0,-0.0,0,0.0,0.0,1,1
0:44:27,2.34,0.0,0.0,-0.0,0,0.0,0.0,1,1
0:44:27,2.34,0.0,0.0,-0.0,0,0.0,0.0,1,1
0:44:27,2.33,0.0,0.0,-0.0,0,0.0,0.0,1,1
0:44:27,2.32,0.0,0.0,-0.0,0,0.0,0.0,1,1
0:44:27,2.32,0.0,0.0,-0.0,0,0.0,0.0,1,1
0:44:27,2.32,0.0,0.0,-0.0,0,0.0,0.0,1,1
0:44:27,2.3,0.0,0.0,-0.0,0,0.0,0.0,1,1
0:44:27,2.3,0.0,0.0,-0.0,0,0.0,0.0,1,1
0:44:27,2.29,0.0,0.0,-0.0,0,0.0,0.0,1,1
0:44:27,2.28,0.0,0.0,-0.0,0,0.0,0.0,1,1
0:44:27,2.28,0.0,0.0,-0.0,0,0.0,0.0,1,1
0:44:27,2.28,0.0,0.0,-0.0,0,0.0,0.0,1,1
0:44:27,2.27,0.0,0.0,-0.0,0,0.0,0.0,1,1
0:44:27,2.26,0.0,0.0,-0.0,0,0.0,0.0,1,1
0:44:27,2.26,0.0,0.0,-0.0,0,0.0,0.0,1,1
0:44:27,2.26,0.0,0.0,-0.0,0,0.0,0.0,1,1
0:44:27,2.25,0.0,0.0,-0.0,0,0.0,0.0,1,1
0:44:27,2.24,0.0,0.0,-0.0,0,0.0,0.0,1,1
0:44:27,2.23,0.0,0.0,-0.0,0,0.0,0.0,1,1
0:44:27,2.23,0.0,0.0,-0.0,0,0.0,0.0,1,1
0:44:27,2.23,0.0,0.0,-0.0,0,0.0,0.0,1,1
0:44:27,2.22,0.0,0.0,-0.0,0,0.0,0.0,1,1
0:44:27,2.21,0.0,0.0,-0.0,0,0.0,0.0,1,1
0:44:27,2.21,0.0,0.0,-0.0,0,0.0,0.0,1,1
0:44:27,2.2,0.0,0.0,-0.0,0,0.0,0.0,1,1
0:44:28,2.19,0.0,0.0,-0.0,0,0.0,0.0,1,1
0:44:28,2.19,0.0,0.0,-0.0,0,0.0,0.0,1,1
0:44:28,2.18,0.0,0.0,-0.0,0,0.0,0.0,1,1
0:44:28,2.18,0.0,0.0,-0.0,0,0.0,0.0,1,1
0:44:28,2.17,0.0,0.0,-0.0,0,0.0,0.0,1,1
0:44:28,2.17,0.0,0.0,-0.0,0,0.0,0.0,1,1
0:44:28,2.16,0.0,0.0,-0.0,0,0.0,0.0,1,1
0:44:28,2.16,0.0,0.0,-0.0,0,0.0,0.0,1,1
0:44:28,2.15,0.0,0.0,-0.0,0,0.0,0.0,1,1
0:44:28,2.14,0.0,0.0,-0.0,0,0.0,0.0,1,1
0:44:28,2.14,0.0,0.0,-0.0,0,0.0,0.0,1,1
0:44:28,2.13,0.0,0.0,-0.0,0,0.0,0.0,1,1
0:44:28,2.13,0.0,0.0,-0.0,0,0.0,0.0,1,1
0:44:28,2.12,0.0,0.0,-0.0,0,0.0,0.0,1,1
0:44:28,2.11,0.0,0.0,-0.0,0,0.0,0.0,1,1
0:44:28,2.11,0.0,0.0,-0.0,0,0.0,0.0,1,1
0:44:28,2.11,0.0,0.0,-0.0,0,0.0,0.0,1,1
0:44:28,2.09,0.0,0.0,-0.0,0,0.0,0.0,1,1
0:44:28,2.09,0.0,0.0,-0.0,0,0.0,0.0,1,1
0:44:28,2.09,0.0,0.0,-0.0,0,0.0,0.0,1,1
0:44:28,2.08,0.0,0.0,-0.0,0,0.0,0.0,1,1
0:44:28,2.07,0.0,0.0,-0.0,0,0.0,0.0,1,1
0:44:28,2.06,0.0,0.0,-0.0,0,0.0,0.0,1,1
0:44:28,2.06,0.0,0.0,-0.0,0,0.0,0.0,1,1
0:44:28,2.05,0.0,0.0,-0.0,0,0.0,0.0,1,1
0:44:28,2.05,0.0,0.0,-0.0,0,0.0,0.0,1,1
0:44:28,2.04,0.0,0.0,-0.0,0,0.0,0.0,1,1
0:44:28,2.04,0.0,0.0,-0.0,0,0.0,0.0,1,1
0:44:28,2.03,0.0,0.0,-0.0,0,0.0,0.0,1,1
0:44:28,2.02,0.0,0.0,-0.0,0,0.0,0.0,1,1
0:44:28,2.02,0.0,0.0,-0.0,0,0.0,0.0,1,1
0:44:28,2.02,0.0,0.0,-0.0,0,0.0,0.0,1,1
0:44:28,2.01,0.0,0.0,-0.0,0,0.0,0.0,1,1
0:44:28,2.01,0.0,0.0,-0.0,0,0.0,0.0,1,1
0:44:28,2.0,0.0,0.0,-0.0,0,0.0,0.0,1,1
0:44:28,2.0,0.0,0.0,-0.0,0,0.0,0.0,1,1
0:44:28,1.99,0.0,0.0,-0.0,0,0.0,0.0,1,1
0:44:28,1.99,0.0,0.0,-0.0,0,0.0,0.0,1,1
0:44:28,1.98,0.0,0.0,-0.0,0,0.0,0.0,1,1
0:44:28,1.98,0.0,0.0,-0.0,0,0.0,0.0,1,1
0:44:28,1.97,0.0,0.0,-0.0,0,0.0,0.0,1,1
0:44:28,1.97,0.0,0.0,-0.0,0,0.0,0.0,1,1
0:44:28,1.95,0.0,0.0,-0.0,0,0.0,0.0,1,1
0:44:28,1.95,0.0,0.0,-0.0,0,0.0,0.0,1,1
0:44:28,1.95,0.0,0.0,-0.0,0,0.0,0.0,1,1
0:44:28,1.94,0.0,0.0,-0.0,0,0.0,0.0,1,1
0:44:28,1.94,0.0,0.0,-0.0,0,0.0,0.0,1,1
0:44:28,1.93,0.0,0.0,-0.0,0,0.0,0.0,1,1
0:44:28,1.93,0.0,0.0,-0.0,0,0.0,0.0,1,1
0:44:28,1.92,0.0,0.0,-0.0,0,0.0,0.0,1,1
0:44:28,1.91,0.0,0.0,-0.0,0,0.0,0.0,1,1
0:44:28,1.91,0.0,0.0,-0.0,0,0.0,0.0,1,1
0:44:28,1.9,0.0,0.0,-0.0,0,0.0,0.0,1,1
0:44:29,1.9,0.0,0.0,-0.0,0,0.0,0.0,1,1
0:44:29,1.9,0.0,0.0,-0.0,0,0.0,0.0,1,1
0:44:29,1.89,0.0,0.0,-0.0,0,0.0,0.0,1,1
0:44:29,1.88,0.0,0.0,-0.0,0,0.0,0.0,1,1
0:44:29,1.88,0.0,0.0,-0.0,0,0.0,0.0,1,1
0:44:29,1.88,0.0,0.0,-0.0,0,0.0,0.0,1,1
0:44:29,1.87,0.0,0.0,-0.0,0,0.0,0.0,1,1
0:44:29,1.87,0.0,0.0,-0.0,0,0.0,0.0,1,1
0:44:29,1.86,0.0,0.0,-0.0,0,0.0,0.0,1,1
0:44:29,1.85,0.0,0.0,-0.0,0,0.0,0.0,1,1
0:44:29,1.85,0.0,0.0,-0.0,0,0.0,0.0,1,1
0:44:29,1.84,0.0,0.0,-0.0,0,0.0,0.0,1,1
0:44:29,1.84,0.0,0.0,-0.0,0,0.0,0.0,1,1
0:44:29,1.84,0.0,0.0,-0.0,0,0.0,0.0,1,1
0:44:29,1.83,0.0,0.0,-0.0,0,0.0,0.0,1,1
0:44:29,1.82,0.0,0.0,-0.0,0,0.0,0.0,1,1
0:44:29,1.82,0.0,0.0,-0.0,0,0.0,0.0,1,1
0:44:29,1.82,0.0,0.0,-0.0,0,0.0,0.0,1,1
0:44:29,1.81,0.0,0.0,-0.0,0,0.0,0.0,1,1
0:44:29,1.8,0.0,0.0,-0.0,0,0.0,0.0,1,1
0:44:29,1.8,0.0,0.0,-0.0,0,0.0,0.0,1,1
0:44:29,1.79,0.0,0.0,-0.0,0,0.0,0.0,1,1
0:44:29,1.78,0.0,0.0,-0.0,0,0.0,0.0,1,1
0:44:29,1.78,0.0,0.0,-0.0,0,0.0,0.0,1,1
0:44:29,1.77,0.0,0.0,-0.0,0,0.0,0.0,1,1
0:44:29,1.77,0.0,0.0,-0.0,0,0.0,0.0,1,1
0:44:29,1.77,0.0,0.0,-0.0,0,0.0,0.0,1,1
0:44:29,1.76,0.0,0.0,-0.0,0,0.0,0.0,1,1
0:44:29,1.75,0.0,0.0,-0.0,0,0.0,0.0,1,1
0:44:29,1.75,0.0,0.0,-0.0,0,0.0,0.0,1,1
0:44:29,1.74,0.0,0.0,-0.0,0,0.0,0.0,1,1
0:44:29,1.74,0.0,0.0,-0.0,0,0.0,0.0,1,1
0:44:29,1.74,0.0,0.0,-0.0,0,0.0,0.0,1,1
0:44:29,1.73,0.0,0.0,-0.0,0,0.0,0.0,1,1
0:44:29,1.73,0.0,0.0,-0.0,0,0.0,0.0,1,1
0:44:29,1.72,0.0,0.0,-0.0,0,0.0,0.0,1,1
0:44:29,1.72,0.0,0.0,-0.0,0,0.0,0.0,1,1
0:44:29,1.72,0.0,0.0,-0.0,0,0.0,0.0,1,1
0:44:29,1.71,0.0,0.0,-0.0,0,0.0,0.0,1,1
0:44:29,1.71,0.0,0.0,-0.0,0,0.0,0.0,1,1
0:44:29,1.7,0.0,0.0,-0.0,0,0.0,0.0,1,1
0:44:29,1.7,0.0,0.0,-0.0,0,0.0,0.0,1,1
0:44:29,1.69,0.0,0.0,-0.0,0,0.0,0.0,1,1
0:44:29,1.69,0.0,0.0,-0.0,0,0.0,0.0,1,1
0:44:29,1.68,0.0,0.0,-0.0,0,0.0,0.0,1,1
0:44:29,1.68,0.0,0.0,-0.0,0,0.0,0.0,1,1
0:44:29,1.68,0.0,0.0,-0.0,0,0.0,0.0,1,1
0:44:29,1.67,0.0,0.0,-0.0,0,0.0,0.0,1,1
0:44:29,1.67,0.0,0.0,-0.0,0,0.0,0.0,1,1
0:44:29,1.66,0.0,0.0,-0.0,0,0.0,0.0,1,1
0:44:29,1.66,0.0,0.0,-0.0,0,0.0,0.0,1,1
0:44:29,1.65,0.0,0.0,-0.0,0,0.0,0.0,1,1
0:44:29,1.65,0.0,0.0,-0.0,0,0.0,0.0,1,1
0:44:29,1.64,0.0,0.0,-0.0,0,0.0,0.0,1,1
0:44:30,1.64,0.0,0.0,-0.0,0,0.0,0.0,1,1
0:44:30,1.63,0.0,0.0,-0.0,0,0.0,0.0,1,1
0:44:30,1.63,0.0,0.0,-0.0,0,0.0,0.0,1,1
0:44:30,1.62,0.0,0.0,-0.0,0,0.0,0.0,1,1
0:44:30,1.62,0.0,0.0,-0.0,0,0.0,0.0,1,1
0:44:30,1.61,0.0,0.0,-0.0,0,0.0,0.0,1,1
0:44:30,1.61,0.0,0.0,-0.0,0,0.0,0.0,1,1
0:44:30,1.61,0.0,0.0,-0.0,0,0.0,0.0,1,1
0:44:30,1.6,0.0,0.0,-0.0,0,0.0,0.0,1,1
0:44:30,1.6,0.0,0.0,-0.0,0,0.0,0.0,1,1
0:44:30,1.6,0.0,0.0,-0.0,0,0.0,0.0,1,1
